l,Dl_Planck,Dl_H73_Tension,Dl_TRXT_Fixed
0,0.0,0.0,0.0
1,0.0,0.0,0.0
2,976.4415578035126,1060.3581027580337,1026.874764648559
3,1849.4940382580814,1976.8039426470846,1983.6205024628791
4,2917.0032216716577,3081.861258768481,3095.3013511812005
5,4190.457834249035,4388.229158202341,4406.746353417763
6,5690.059362269923,5918.349630801634,5939.680584251688
7,7437.455572705611,7695.64904419952,7717.2540804317705
8,9447.573213347214,9734.748564207202,9754.914811854645
9,11742.65020759404,12057.623040996663,12073.369325696101
10,14338.916158220058,14681.785263160946,14690.517920795757
11,17243.829683268552,17615.886401316464,17616.278198680342
12,20503.642830377255,20909.07021207567,20891.96246026203
13,24105.18367579776,24544.98106570063,24513.974351015357
14,28065.569430700987,28539.35981498041,28491.12236564572
15,32367.577493712175,32878.459918396395,32816.39881910964
16,37097.49992934432,37648.635441840146,37551.02825651541
17,42286.19309918334,42882.00528365194,42740.47643010793
18,47910.52894588975,48557.08702961928,48378.003472951335
19,54038.12931098742,54739.79137593448,54503.56131321443
20,60598.673506067025,61357.30361298831,61087.18150837013
21,67651.13239586863,68471.48862838457,68147.06969558391
22,75219.6935714624,76110.84122909606,75722.41275305147
23,83293.8214685486,84263.9516067174,83815.85761006379
24,91919.50457844997,92974.22226797893,92450.17512449468
25,101133.80796887047,102278.68571843425,101664.26413531615
26,110909.27999061477,112150.7499386293,111457.08942547454
27,121310.84789360549,122656.44932172293,121855.56148723357
28,132343.26841585338,133802.00518927327,132891.36067271698
29,144018.31608763628,145601.51213369292,144574.861736154
30,156385.80201435534,158106.6539588752,156939.71562061214
31,169377.4679794729,171246.8211307638,169974.3877331988
32,183138.44996090906,185163.721847545,183714.3355965772
33,197609.64371023444,199798.11383512148,198202.90699086557
34,212806.25198200182,215166.52219660918,213416.80844937466
35,228861.6810751265,231405.56523949,229426.0324094483
36,245621.68733969246,248364.54374898114,246241.13940460456
37,263211.9731843883,266170.106739476,263828.9795924474
38,281684.8161224446,284874.50696164585,282284.53881630534
39,301046.3330075778,304483.17811670346,301641.2801407889
40,321302.53932631284,325001.0112372658,321904.3361574903
41,342454.2518057667,346427.83036334,343076.71946992393
42,364524.0751414166,368787.0616446468,365166.1910805745
43,387537.9074352929,392106.0635473899,388197.0724524467
44,411534.2737656746,416425.014943618,412200.20935283846
45,436559.6855352286,441792.28507361934,437217.5314098191
46,462630.9867164158,468226.491606551,463288.5190256708
47,489769.1365532123,495749.293628795,490432.27682209533
48,517991.01388080465,524377.9136363958,518669.0464006973
49,547317.9793916071,554133.9674785987,548016.768745564
50,577798.0765799942,585065.6593346137,578502.316117289
51,609484.7492082268,617226.721845112,610174.22440861
52,642386.7499161421,650627.0763819468,643077.5543524411
53,676501.2755170262,685265.4066586363,677220.226846128
54,711845.5796172699,721160.564511883,712603.9035762986
55,748443.0899892705,758337.6916552339,749247.9637798244
56,786376.1643078416,796880.6767086452,787183.9580340626
57,825729.9208345377,836874.9944033885,826494.6431838395
58,866519.0590364579,878335.2831769779,867258.2085841898
59,908730.5731904843,921248.3337754025,909487.1466166739
60,952384.2661664162,965633.5960260007,953170.1543853966
61,997515.3094511183,1011526.198900653,998326.9490992015
62,1044159.0280248513,1058963.2520337612,1044992.1513275323
63,1092359.716295589,1107991.4745531268,1093202.341006987
64,1142153.7036742612,1158649.8313022999,1143005.0981044965
65,1193593.2362770585,1210993.4223538262,1194438.2404293092
66,1246741.3664936696,1265087.9340919154,1247555.3088053598
67,1301623.2814461205,1320959.5283992174,1302420.754538451
68,1358249.528285301,1378619.2198667754,1359061.44760871
69,1416622.1233821479,1438069.400539253,1417488.9535349868
70,1476751.2325201475,1499320.515807316,1477706.2173537014
71,1538651.0512626802,1562386.9189192243,1539722.930020093
72,1602447.4507131425,1627394.442916516,1603552.8764409267
73,1668277.4734244626,1694479.948180151,1669307.3044159408
74,1736197.4670790553,1763699.4716691428,1737119.3232373355
75,1806258.638502646,1835103.776126161,1807055.748762179
76,1878469.8103808549,1908701.94975399,1879167.375614049
77,1952757.8392732816,1984424.5412038907,1953470.6055086062
78,2029145.0630394234,2062298.7790436656,2029912.503232993
79,2107712.2915382683,2142410.7710117423,2108499.494974235
80,2188522.0492438884,2224828.759204943,2189302.8750295453
81,2271642.2741707047,2309625.41567996,2272394.1224282584
82,2357131.4448793395,2396858.45466127,2357843.566218219
83,2445011.602965585,2486547.4143285626,2445712.1264970833
84,2535328.2272130144,2578734.865210795,2536030.245987886
85,2628118.607824195,2673454.7714046407,2628832.6915821317
86,2723424.6227316936,2770746.314265228,2724155.702139359
87,2821254.169084705,2870618.689340789,2822036.055385095
88,2921626.516571568,2973093.6183981495,2922493.5846731793
89,3024596.961314879,3078228.9953866885,3025544.9874666394
90,3130212.6057465514,3186074.6703048027,3131233.0719281766
91,3238530.614510464,3296690.2618988096,3239610.1706846138
92,3349597.5049134083,3410123.031892555,3350730.8036651444
93,3463480.4168922063,3526440.360047299,3464646.921040365
94,3580217.0233104257,3645680.0798981576,3581415.63495977
95,3699876.9021385578,3767911.848515834,3701088.1537098093
96,3822498.8636983014,3893174.4713329324,3823717.4525603415
97,3948132.5129289753,4021517.4619930303,3949357.3166207043
98,4076839.3855037517,4153002.176050385,4078050.8891658653
99,4208635.597609897,4287644.45833464,4209852.178219354
100,4343594.60901693,4425517.403604591,4344802.007906702
101,4481755.686657699,4566659.817716219,4482939.658097313
102,4623170.018577791,4711122.329160553,4624323.432910125
103,4767863.916074974,4858930.588793236,4768996.034148546
104,4915887.996769732,5010134.45049696,4916998.173443101
105,5067280.145537078,5164770.9297072245,5068363.546672692
106,5222077.671569338,5322876.358071054,5223136.94830037
107,5380317.28579189,5484486.358460972,5381354.596309098
108,5542021.160710126,5649621.902422459,5543052.039277251
109,5707252.3202477,5818344.69761511,5708260.177208089
110,5876031.882638074,5990674.428309565,5877010.579141924
111,6048393.609162222,6166643.435737109,6049353.384736281
112,6224384.143366613,6346297.376245997,6225310.960485699
113,6404034.770787491,6529666.611011566,6404918.066345155
114,6587375.886880053,6716780.543634697,6588216.522821268
115,6774436.971068185,6907667.593103024,6775236.0359177925
116,6965262.6063875435,7102371.2123479005,6966005.379914966
117,7159881.192210734,7300918.5998858,7160554.864391385
118,7358303.546817915,7503319.301307353,7358924.9923719345
119,7560572.122444772,7709614.423245881,7561140.361635925
120,7766712.293832114,7919827.92084941,7767213.75487201
121,7976748.377791011,8133982.6162700495,7977184.068053055
122,8190685.866172342,8352082.430559275,8191074.796376332
123,8408564.04105476,8574164.997782992,8408907.290739743
124,8630403.882011471,8800249.571216501,8630686.861920666
125,8856206.585873649,9030335.5420369,8856450.056782713
126,9086008.806542585,9264457.678064901,9086215.612967184
127,9319808.733054727,9502612.200759701,9319983.170049815
128,9557621.624985835,9744812.319553075,9557787.361858027
129,9799481.287915794,9991089.706243837,9799623.226944394
130,10045381.182790738,10241435.60328895,10045503.708735686
131,10295312.86361391,10495838.989900352,10295459.577307679
132,10549330.225346446,10754349.984264996,10549483.835459074
133,10807404.87027913,11016935.961742554,10807565.82625717
134,11069568.875855062,11283624.582090423,11069750.475459214
135,11335810.982901298,11554399.974739723,11336013.0507338
136,11606161.493672155,11829287.633880628,11606374.476518707
137,11880606.05928379,12108268.202936448,11880824.463179538
138,12159150.453457199,12391342.245343318,12159382.419451632
139,12441776.157637544,12678485.826703135,12442036.261247126
140,12728532.035967274,12969742.186787162,12728783.182324972
141,13019373.593366934,13265060.994643852,13019604.265449695
142,13314300.32837686,13564435.698464094,13314528.39123627
143,13613334.701233154,13867882.490677051,13613526.669435866
144,13916425.073316427,14175343.244415024,13916582.3492557
145,14223590.737768753,14486830.541142792,14223705.631522823
146,14534749.414411604,14802255.162584009,14534859.379670093
147,14849890.349668762,15121599.187648892,14850035.811994702
148,15168975.189667316,15444816.862536095,15169177.941826846
149,15491962.6216881,15771859.23918039,15492245.490869034
150,15818808.330106722,16102674.128187314,15819202.795875357
151,16149437.078296231,16437178.684107607,16150002.862811657
152,16483876.045714974,16775394.312313216,16484595.576917239
153,16822069.079010453,17117259.493029807,16822911.241109546
154,17164013.07523722,17462765.671083033,17164929.235017866
155,17509675.8380841,17811875.111751374,17510623.575604014
156,17859081.100768883,18164605.92328404,17859962.953446303
157,18212136.25163163,18520859.782115377,18212923.359272122
158,18568862.491127152,18880652.08947666,18569496.63682536
159,18929191.7430399,19243908.882228717,18929642.13650955
160,19293082.822823178,19610583.00081777,19293318.416822385
161,19660430.7863257,19980563.43761776,19660498.66255346
162,20031187.950090516,20353796.356844563,20031122.28341585
163,20405304.46585368,20730225.66866973,20405114.99132153
164,20782664.312576395,21109729.02086799,20782391.665209897
165,21163243.28114735,21492275.783135414,21162898.440283734
166,21546950.917654976,21877768.989978295,21546554.41189483
167,21933726.08237229,22266140.899315916,21933273.36390717
168,22323505.321298607,22657321.363641452,22323001.55367075
169,22716222.841778237,23051237.805261753,22715653.524755333
170,23111810.488053005,23447815.191472825,23111161.858342297
171,23510162.944152784,23846941.237075564,23509456.79918444
172,23911276.392974067,24248605.063081928,23910466.231999584
173,24315005.485437695,24652654.16550285,24314106.10033709
174,24721271.13316978,25059002.207661938,24720292.170399856
175,25130028.16072314,25467596.67205259,25128979.38866154
176,25541157.53680108,25878311.242860116,25540032.69674536
177,25954575.986418497,26291055.88653078,25953374.256096616
178,26370160.821665023,26705701.25159032,26368938.077974238
179,26787861.4304513,27122190.00937905,26786606.335393857
180,27207587.93237146,27540425.510148197,27206284.08877727
181,27629209.039725516,27960269.644318514,27627854.545252208
182,28052668.011926338,28381658.797125895,28051256.20687419
183,28477867.509012997,28804488.702375364,28476389.284286316
184,28904667.41701396,29228612.268046886,28903125.111968827
185,29333004.682351455,29653959.410943635,29331397.80215085
186,29762733.177890282,30080376.922986194,29761101.98782081
187,30193785.53581326,30507790.30433394,30192096.67515356
188,30626051.522128243,30936082.13813858,30624310.201056905
189,31059375.80272437,31365089.85684693,31057593.09366119
190,31493684.386445396,31794732.185520284,31491872.03008026
191,31928859.02716089,32224883.54415075,31926981.23728401
192,32364734.95433323,32655371.778472167,32362807.62505266
193,32801187.10038462,33086064.387569003,32799271.726619426
194,33238177.072366204,33516915.495785207,33236250.770627044
195,33675531.81005131,33947744.51105428,33673577.00669401
196,34113164.90535231,34378457.44454975,34111118.17644775
197,34550988.983405985,34808959.29200035,34548823.42956304
198,34988915.70326412,35239154.03460623,34986526.244290516
199,35426714.59695867,35668803.4783252,35424125.62609229
200,35864386.19114997,36097900.3757368,35861528.23227523
201,36301741.38575145,36526248.67951755,36298639.737467274
202,36738633.07174686,36953697.85400593,36735246.9294003
203,37174812.790849335,37379997.03414382,37171304.68516598
204,37610222.94673239,37805086.382121295,37606654.30339041
205,38044557.087558374,38228657.372675866,38041138.75144722
206,38477751.89118006,38650644.78105788,38474532.73318182
207,38909592.080478676,39070831.60112556,38906733.44726924
208,39339908.650572695,39489047.275303915,39337498.70493868
209,39768788.85013191,39905377.678641506,39766700.42404921
210,40196012.327194445,40319601.267363645,40194167.49886114
211,40621512.220027275,40731650.1724617,40619718.44004632
212,41045275.85746093,41141510.902750164,41043357.696601935
213,41467185.632281415,41549065.22097397,41464968.183278054
214,41887177.17636313,41954248.32165075,41884430.17825947
215,42305132.09514802,42356941.568252996,42301710.7305196
216,42720820.023644,42756914.55190386,42716732.99179839
217,43134117.20803862,43154043.6756829,43129412.15028455
218,43544898.72720742,43548204.37882149,43539653.5263227
219,43952981.53245142,43939214.17912299,43947278.084857
220,44358179.328915626,44326887.557060115,44352116.97360326
221,44760418.56086416,44711151.94372549,44754048.0721057
222,45159450.99373623,45091760.30556029,45152919.36167815
223,45555200.166522846,45468637.599401556,45548549.82015121
224,45947590.532641694,45841709.91602608,45940810.69146128
225,46336487.366575316,46210844.38945678,46329550.337801866
226,46721694.116394125,46575846.5521538,46714602.00526454
227,47103133.28767348,46936641.22159991,47095892.30552226
228,47480666.62729778,47293092.68677432,47473324.25619659
229,47854216.97937744,47645126.56674093,47846742.805233076
230,48223582.56463981,47992544.09271317,48216001.758912325
231,48588684.98074467,48335270.111046195,48581005.18660047
232,48949446.84811738,48673230.73175072,48941640.75840168
233,49305662.91538386,49006224.43661254,49297794.24696253
234,49657189.58710773,49334111.60961923,49649308.82806217
235,50004013.24620993,49656882.86207448,49996110.89359664
236,50345859.077206664,49974267.8585364,50338091.84589484
237,50682780.08338052,50286324.33669512,50675069.79611218
238,51014565.864412874,50592846.88771817,51006939.71586138
239,51341138.27006895,50893762.61265516,51333631.69491231
240,51662351.904693745,51188931.629660316,51654950.64856711
241,51978060.25194674,51478213.20146101,51970900.71783575
242,52288254.72107375,51761604.78437052,52281304.12840509
243,52592789.99705336,52038967.38118289,52586077.89769806
244,52891519.66743235,52310161.17076386,52885084.24063695
245,53184438.729742356,52575188.01823039,53178203.3222792
246,53471473.89681114,52833981.78303168,53465416.36607025
247,53752408.301090114,53086333.026053496,53746586.50055201
248,54027313.69283226,53332321.210579395,54021588.380468175
249,54295973.42431722,53571737.6893054,54290419.0068723
250,54558390.00258988,53804593.259874046,54553005.50876761
251,54814345.462598756,54030678.597828545,54809152.76124403
252,55063769.90115451,54249932.96805572,55058932.61581426
253,55306518.99401638,54462221.580047846,55302140.991812974
254,55542600.56285,54667562.101671726,55538734.395899996
255,55771717.53492879,54865667.62179631,55768530.62376045
256,55993878.14662227,55056556.856709935,55991499.91574542
257,56209016.09273678,55240174.30239232,56207510.44742929
258,56417145.52259276,55416545.23352477,56416575.32757003
259,56618204.89638984,55585619.56278911,56618425.668724835
260,56812294.640155636,55747509.49875085,56813061.416409746
261,56999279.11209769,55902091.51514512,57000433.56412714
262,57179266.16673262,56049485.917939246,57180559.351688825
263,57352206.04753973,56189655.74091837,57353397.66075471
264,57518050.63486251,56322565.99651705,57519038.31659789
265,57676670.129924394,56448100.36276292,57677393.24748155
266,57828017.86433596,56566225.99570891,57828542.01541747
267,57972133.454795174,56676996.68705542,57972475.66549615
268,58108890.299240515,56780300.36322176,58109159.326547615
269,58238160.996880256,56876024.50829031,58238495.4161655
270,58359903.85263237,56964142.67135687,58360432.86224086
271,58474253.22645161,57044804.818764426,58475003.652430445
272,58580999.2486089,57117817.05228505,58582140.064674005
273,58680370.897305116,57183424.68963177,58681731.50232981
274,58772161.339389406,57241437.60807125,58773726.97427431
275,58856429.635852665,57291931.952807516,58858219.936986774
276,58933329.73490235,57335079.13294341,58935130.369525425
277,59002749.629945785,57370784.9823472,59004550.82203809
278,59064668.36392774,57399046.766870566,59066448.69661697
279,59119159.328053355,57419956.48594953,59120800.0158733
280,59166300.5760258,57433611.18971789,59167736.36641134
281,59205987.502780914,57439925.6606168,59207272.27296124
282,59238303.62983755,57439003.201619044,59239366.584084705
283,59263337.25667515,57430952.29048085,59264068.37715855
284,59280990.12487585,57415695.24675909,59281470.74178296
285,59291356.191126235,57393347.00768978,59291575.27320482
286,59294437.26431215,57363930.76816245,59294392.03820936
287,59290432.82313598,57327667.801220246,59290025.06457398
288,59279254.84193308,57284492.286763884,59278494.28870448
289,59260913.952957176,57234437.47672984,59259809.825085625
290,59235622.64687057,57177738.898479834,59234044.92247067
291,59203400.34270744,57114439.42767061,59201304.91205437
292,59164167.704798125,57044483.60809317,59161692.3600697
293,59118048.729763314,56968019.74159112,59115180.56305394
294,59065172.62451155,56885201.768992186,59061876.62863262
295,59005467.38467543,56795982.851490065,59001944.3850278
296,58939068.58249992,56700524.16148964,58935392.96798331
297,58865907.842053905,56598783.36078839,58862232.85356321
298,58786232.54869464,56491034.313024156,58782611.57456152
299,58700086.21112769,56377347.448732026,58696622.92331261
300,58607514.954730846,56257796.26168032,58604277.07479083
301,58508674.86673654,56132561.9603388,58505680.767246
302,58403726.95438566,56001820.19550385,58400867.60534609
303,58292728.72148519,55865640.47767549,58290061.8003655
304,58175850.00469657,55724204.67394209,58173333.23088821
305,58053266.261651844,55577700.29562711,58050774.55909772
306,57924936.489318624,55426098.41620079,57922563.03818745
307,57791154.95881173,55269705.40565467,57788854.76433654
308,57651999.547978036,55108611.26266544,57649733.89983699
309,57507551.00099641,54942908.873789355,57505380.02042958
310,57357778.96816842,54772580.05286266,57355954.11935491
311,57203111.93485871,54598065.469566554,57201458.5970639
312,57043412.88154023,54419240.309111044,57042178.39095412
313,56879006.6258923,54236441.61398532,56878202.190429725
314,56709993.022098795,54049781.48292053,56709616.529159226
315,56536357.26244459,53859257.37216294,56536416.01042763
316,56358439.87862855,53665222.0964743,56359027.86059985
317,56176352.08786105,53467799.17492669,56177335.6372819
318,55990328.13326152,53267235.17100596,55991688.31670628
319,55800367.02054442,53063541.429011196,55802178.73343026
320,55606589.32018678,52856850.87594226,55608804.9727228
321,55409485.36022236,52647666.21401886,55411906.20124513
322,55208820.00908822,52435764.70325607,55211612.56273787
323,55005094.563419126,52221660.04899036,55008159.765509315
324,54798200.27032468,52005255.92388933,54801575.61248894
325,54588526.54978703,51786954.1900825,54591980.193120286
326,54376094.16661218,51566788.0708441,54379829.460753866
327,54161177.7221511,51345044.64204343,54164991.430729344
328,53943930.667480215,51121889.84505078,53947870.800645344
329,53724509.816346884,50897492.999403745,53728466.00735144
330,53503204.50462431,50672155.96197661,53507087.965042286
331,53280050.76287672,50445927.299253635,53283837.70032482
332,53055346.334831305,50219117.30550076,53058946.27463697
333,52829132.577046946,49991779.90212543,52832603.28883239
334,52601715.73922913,49764233.91767323,52604974.45524529
335,52373408.734441996,49536804.85771115,52376323.359519295
336,52144263.44685644,49309557.21223633,52146765.449052565
337,51914466.80950922,49082690.53308443,51916531.65725671
338,51684209.33495265,48856407.964217044,51685751.90273388
339,51453821.406565,48631052.53265785,51454655.96348829
340,51223503.18062442,48406837.0501805,51223561.726294264
341,50993320.60333968,48183840.129941285,50992623.68992329
342,50763478.76483268,47962279.54005173,50761988.79553473
343,50534186.45915829,47742376.76317701,50531855.46882424
344,50305515.89976246,47524216.711561464,50302505.41959393
345,50077680.91936078,47308025.92646374,50074201.883036144
346,49850899.119114384,47094034.72687924,49847079.96774401
347,49625249.13063889,46882334.47108607,49621291.698600605
348,49400953.704208575,46673160.64437772,49397053.20228259
349,49178383.83854979,46466896.98837704,49174513.48836977
350,48957627.22489787,46263643.94460694,48953825.18590053
351,48739064.35115769,46063791.64475071,48735212.90602762
352,48522936.33583488,45867578.261940144,48518839.941992596
353,48309340.600557975,45675094.773278065,48304859.444072075
354,48098523.79235592,45486580.956668355,48093565.70585763
355,47890885.98539866,45302429.58902843,47885221.04785271
356,47686383.89578776,45122589.65755207,47680037.304620124
357,47485273.77040698,44947309.24503314,47478341.40786711
358,47287815.94054278,44776840.07996166,47280315.019025326
359,47094122.05516859,44611284.766287245,47086098.448361374
360,46904304.49947186,44450746.19842983,46895977.298767805
361,46718630.899356484,44295482.06227159,46710200.89919268
362,46537217.69390203,44145598.40411231,46528806.617458284
363,46360494.51430242,44001514.00611185,46352039.510761924
364,46188270.345498756,43863026.544435486,46180108.44536216
365,46021137.75780053,43730716.817396365,46013114.46175147
366,45859065.26846305,43604541.103564635,45851194.031411335
367,45702338.08723553,43484771.90385723,45694568.62333163
368,45551085.17348214,43371524.99521154,45543403.58450838
369,45405436.3139316,43264916.50489876,45397999.83500224
370,45265846.70253862,43165387.48696007,45258285.716034286
371,45132126.71981296,43072733.69812175,45124741.1803726
372,45004736.75391643,42987400.415489174,44997364.41183509
373,44883650.30217637,42909345.534667924,44876405.65752875
374,44769169.81364477,42838855.4089408,44761978.887217864
375,44661268.73952173,42775886.89631878,44654224.82838278
376,44560253.01704317,42720728.84006507,44553535.31593737
377,44466433.00257353,42673673.99843194,44459741.29935756
378,44379615.37715967,42634510.94686598,44373264.87402037
379,44300281.61000387,42603702.53813776,44294070.105094336
380,44228578.876663424,42581376.81720283,44222438.62069385
381,44164483.16520337,42567490.12401875,44158486.82973106
382,44108313.67375346,42562341.48776776,44102344.10969881
383,44060220.21052495,42566060.02353915,44054295.30613166
384,44020178.67642873,42578600.41161122,44014140.7594557
385,43988337.90302293,42600089.73205886,43982313.74536419
386,43965024.19101928,42630831.999914534,43958956.60572175
387,43950390.83773615,42670957.689268455,43944037.71017242
388,43944235.13146612,42720240.724274196,43937823.204598
389,43946885.95437173,42778986.07867085,43940456.77816709
390,43958496.43573346,42847322.425644666,43951913.910089254
391,43979220.558798194,42925378.74127572,43972297.115993544
392,44008848.891498074,43012920.031838164,44001879.394862875
393,44047897.6726197,43110436.41653188,44040817.487803675
394,44096155.43671717,43217689.74893749,44088953.289256796
395,44153773.954459354,43334804.5538831,44146482.62377075
396,44220905.81792107,43461905.60923104,44213569.56103824
397,44297517.63648522,43598931.13825016,44290340.94534081
398,44383948.5667382,43746191.335954554,44376655.02270412
399,44480164.969810136,43903623.02285889,44472804.2205032
400,44586319.8806564,44071349.11064604,44578756.777450904
401,44702567.08576837,44249493.924874514,44694528.552416995
402,44828869.414704286,44437995.28857904,44820242.25237776
403,44965379.12001214,44636981.24016796,44955898.18357111
404,45112249.24875714,44846580.165909,45101673.82713471
405,45269244.84769263,45066532.00225832,45257641.35069911
406,45436514.80162994,45296960.07135602,45423851.77838418
407,45614208.77102393,45537988.01570511,45600426.898032375
408,45802279.91009133,45789542.513350904,45787381.817301296
409,46000480.03575632,46051348.443856254,45984761.742677584
410,46209350.873548746,46323920.1311983,46192692.856491044
411,46428241.50954822,46606578.79268081,46411097.140847065
412,46657693.238585584,46899837.38407478,46639914.36673018
413,46897649.467292964,47203610.49957954,46879266.04666298
414,47148050.45543881,47517809.11004193,47129179.86004853
415,47408629.1935343,47842136.43742157,47389490.76423136
416,47679931.91149069,48177108.46028339,47660279.27026126
417,47961483.08523035,48522218.9172215,47941540.21046001
418,48253624.35008743,48877778.217052706,48233097.16427564
419,48556077.874500155,49243476.80928291,48535217.8568037
420,48869185.77627074,49619624.59712485,48847816.98775372
421,49192664.759833016,50005905.571509056,49170731.60590905
422,49526435.34082489,50402207.032387115,49503951.889173426
423,49870838.84743006,50808836.586793944,49847647.32329222
424,50225582.21436964,51225466.93955167,50201576.839759834
425,50590579.13148013,51651977.038553506,50565860.94623044
426,50965955.03967995,52088457.06743216,50940369.87485057
427,51351187.90273289,52534349.21402272,51325242.21960173
428,51746829.64842749,52990169.10824136,51720217.93506383
429,52152132.45934695,53455132.109555885,52125284.214205205
430,52567209.40359221,53929313.934412666,52540605.969472684
431,52992174.219279416,54412790.43744291,52965902.720182195
432,53426699.02234016,54905195.315977834,53401094.40179268
433,53871114.934739016,55406820.73498888,53846160.82771354
434,54324865.04395599,55917070.28330143,54300716.42740009
435,54788277.67631889,56436232.24366862,54765092.05397537
436,55261235.399073936,56964148.59159351,55238618.71439176
437,55743617.296426944,57500657.26813356,55721370.940353684
438,56235298.94789473,58045592.155026965,56213384.9555254
439,56736380.77119376,58599011.41436802,56714347.04749305
440,57246504.98502127,59160514.44818733,57224496.25094699
441,57765536.52655144,59729922.81275906,57743279.77975473
442,58293105.242851965,60306822.40683994,58270971.417426646
443,58829298.25155862,60891255.82917768,58807415.74175754
444,59373736.02811387,61482798.46259396,59352508.96193581
445,59926265.81052211,62081251.8755933,59906056.81003572
446,60486731.12521988,62686413.34509571,60468085.93296483
447,61054971.760703705,63298075.826934256,61038207.3612596
448,61631299.36810918,63916503.55330978,61616239.717161134
449,62215313.67386578,64541248.242325775,62201786.10103368
450,62806846.29648922,65172092.91166377,62794861.195470914
451,63405966.06294453,65809063.715059556,63395083.065998524
452,64012742.358789355,66452213.09044008,64002235.75124452
453,64626515.58071797,67100871.04637855,64616120.42851764
454,65247346.30858993,67755087.86927387,65236534.09637811
455,65874804.892013066,68414423.71064323,65863669.93853962
456,66508699.78259001,69078676.92006977,66497199.63848195
457,67148835.43035197,69747641.94232683,67136869.59330271
458,67794763.71794206,70420860.75223927,67782659.23407808
459,68446028.12712759,71097867.02185959,68434614.71512003
460,69103166.52529605,71779188.90761088,69092238.48376243
461,69765214.91568518,72463852.80114645,69755407.49882999
462,70432962.30630875,73152638.1988849,70423814.66853932
463,71105433.10964951,73844560.10229142,71097196.89270595
464,71783419.9870431,74540401.86282721,71775353.18585901
465,72465935.66148841,75239166.99530149,72457910.12916856
466,73153519.13072425,75941385.39146481,73144411.83823591
467,73845684.79862778,76646562.45189843,73835042.06994742
468,74541938.37259354,77354194.98385745,74529374.74862364
469,75242298.02388544,78064292.36206014,75227527.55901149
470,75946258.58467683,78776340.7261381,75929213.74455614
471,76653306.06967182,79489817.50264037,76634491.44827227
472,77363445.51985271,80204719.2491365,77343126.59695034
473,78076151.87913007,80920512.53119594,78054975.75463107
474,78791423.5279228,81637187.45627151,78770015.26911312
475,79508991.54095611,82354466.93177556,79487754.31838384
476,80228850.92820917,83072337.90628254,80207953.89476728
477,80950457.56496939,83790248.29981558,80930370.57378337
478,81674070.35190962,84508449.16413522,81654494.93919602
479,82399680.85852015,85226924.3263645,82380046.81164181
480,83126461.75381841,85944838.81987461,83106792.79156207
481,83854942.52604553,86662714.60414314,83834426.94197927
482,84584010.3004346,87379431.38267183,84562832.26494281
483,85313915.79586557,88095232.55978172,85291837.92771947
484,86044081.65650208,88809533.57238351,86021232.25883776
485,86773921.28705192,89521740.72536747,86750755.4510545
486,87503678.2665435,90232090.60550907,87480564.52600698
487,88232757.75175574,90939981.48503008,88210381.52403224
488,88960837.69472341,91645084.53924054,88939797.42232136
489,89688157.86079362,92347632.86474076,89668853.41550295
490,90414109.19608337,93047010.84703602,90396817.53488506
491,91138644.44229382,93743164.77552366,91123718.05044225
492,91861716.19768928,94436040.90466237,91848977.83055738
493,92583276.91956829,95125585.45665605,92572197.62302232
494,93302989.82873693,95811455.52616364,93293437.24791177
495,94020513.32732132,96493303.49837624,94012156.68784249
496,94735792.41753109,97171068.4680755,94728130.08993407
497,95448186.70653507,97844104.2448374,95441453.08525863
498,96157633.80629127,98512342.75322586,96151599.47648208
499,96863776.16463733,99175420.86428556,96858516.4010653
500,97566251.30929136,99832970.6399849,97562150.96280865
501,98264691.9093283,100484624.6880424,98262423.51401308
502,98959024.53860946,101130330.97351459,98958996.39116216
503,99648875.90929778,101769743.47123528,99651544.84017992
504,100334168.64178224,102402812.6881541,100339983.34396325
505,101015127.20785104,103029791.6097046,101023692.15775281
506,101691070.71265529,103650028.48501189,101702600.97387767
507,102362221.91813761,104263775.85361439,102376310.2402469
508,103028196.71282564,104870680.01859997,103044398.82316941
509,103688605.89886595,105470382.83703212,103706597.02680346
510,104343979.48674631,106063446.01811354,104362852.03713362
511,104993310.25453523,106648894.68591622,105012829.86284357
512,105637128.79449365,107227292.42953067,105656470.57878102
513,106274728.09536965,107797965.88894552,106294006.49952069
514,106906017.00729324,108360858.22357285,106924860.4937193
515,107530904.01510525,108915912.88925122,107549202.28825618
516,108149297.22807574,109463073.63168076,108166746.59732985
517,108760787.75323425,110001967.86351037,108777141.73620117
518,109364961.40097086,110532218.37373437,109380814.9713473
519,109962036.78592134,111054081.43240887,109977041.56256874
520,110551276.09955734,111566857.56710726,110566116.286931
521,111132895.81982727,112070802.27645755,111147605.68601316
522,111706471.3474647,112565530.670376,111721329.7325861
523,112271572.65178894,113050653.11981928,112287232.6975534
524,112828739.95298646,113526750.94304046,112845259.13362594
525,113377216.94182347,113993109.62929761,113395121.7619245
526,113917547.7359251,114450315.79914686,113936450.82480471
527,114449298.9486828,114897979.27737956,114469319.04547621
528,114972361.87406114,115336035.28187163,114993324.51672524
529,115486627.23588857,115764419.17692788,115508417.07780999
530,115992317.89989802,116183399.18938445,116014430.70275939
531,116488659.22644249,116592246.76539207,116510983.82614097
532,116976206.87087011,116991564.3748635,116998294.11918606
533,117454516.45452599,117380955.18654945,117476152.35856126
534,117923137.9415341,117760017.44889535,117944618.63192411
535,118382632.68005237,118129361.53537048,118403713.02972418
536,118832210.33824976,118488246.88451698,118853231.94319174
537,119272436.0423149,118837289.14202712,119293111.68026648
538,119702855.92858654,119176085.71693872,119723462.05209614
539,120123698.6087679,119504917.2509096,120144043.64903747
540,120534160.98416302,119823033.43651056,120554790.07921304
541,120935162.39067976,120131407.16627869,120955821.93394299
542,121326245.07452197,120429635.01245713,121346746.65108484
543,121706945.50030683,120717308.53915542,121727613.98397568
544,122077845.87309931,120995065.8284241,122098452.29554254
545,122438834.41936564,121262851.76524645,122459085.21048477
546,122789445.61861764,121520258.2732209,122809720.27767536
547,123129916.90335983,121767581.01854683,123150217.3391816
548,123460134.53847851,122004765.29345511,123480483.08762118
549,123779984.1379891,122231756.53700167,123800368.69906549
550,124089350.66626744,122448500.34035245,124110382.79062936
551,124388837.59831576,122655657.68806612,124410126.99215025
552,124677614.58196926,122852440.74132153,124699506.25321366
553,124956288.9708535,123039495.94404665,124978956.19763622
554,125225114.44749089,123217116.54322684,125248330.61105673
555,125483619.6908296,123384871.2590113,125507399.98959492
556,125731693.66468899,123542689.57575975,125756375.18925884
557,125970327.08899228,123691603.21590127,125995202.38361135
558,126198682.05450888,123830815.7573323,126223827.88937351
559,126417019.80732667,123960630.42057516,126442326.34784667
560,126625234.89361088,124080984.21625832,126651111.72633445
561,126823966.78894307,124192559.57721363,126849619.50515932
562,127012368.74789557,124294553.21084847,127038439.37301065
563,127191084.4696993,124387652.76765415,127217776.97823706
564,127360391.03290719,124472179.77875406,127387243.41933514
565,127519436.11653711,124547326.8799783,127546859.32869776
566,127668873.8409089,124613793.65568157,127697519.80631056
567,127808987.76833925,124671909.64246923,127838495.56297635
568,127939302.14004712,124721245.5691858,127970072.73291773
569,128060102.21439964,124762133.69829793,128092201.76826479
570,128171293.35221525,124794526.91438858,128205553.1808723
571,128273166.56927682,124818764.27991645,128309198.76262316
572,128366017.80574833,124835190.30793431,128403949.94177003
573,128449759.10126619,124843766.14053798,128490126.30392444
574,128524302.03498504,124844452.99232452,128566951.89516614
575,128590732.4152824,124838386.84356512,128635065.93634966
576,128648187.2978518,124824755.46181929,128694810.38441749
577,128697763.84837167,124804707.26817898,128745812.38488248
578,128738992.54481584,124777824.54320446,128788336.68237841
579,128772192.01911157,124744478.27225839,128822373.94562182
580,128797685.94734041,124705045.03942934,128848213.50472616
581,128815803.06758891,124659907.04915138,128866193.36399922
582,128826476.04989453,124609050.99996005,128876331.5017877
583,128829637.14664592,124552463.73874362,128878589.72622024
584,128826025.99927641,124490940.07132328,128873874.33499642
585,128815582.30301447,124424475.43112376,128861767.83420482
586,128798245.34194279,124353065.4181821,128842983.7770118
587,128774362.04492342,124277113.85904847,128817468.99187048
588,128744693.92940858,124197439.75459431,128785395.27626945
589,128708369.8471225,124113230.0297104,128747131.45063742
590,128666568.29807991,124025721.85135436,128703051.76950257
591,128619243.19757646,123934928.39958116,128653259.26593056
592,128566348.05950391,123840863.05490302,128597740.93413952
593,128508252.43002704,123743955.83601308,128537014.70979647
594,128444913.21165144,123644224.72789718,128471349.95011437
595,128377125.40329497,123542526.42594208,128400742.248228
596,128304853.53912544,123438887.77879947,128325435.52098829
597,128228061.76063329,123333335.86446992,128246072.58918804
598,128147137.29868053,123226321.47634456,128162519.51628283
599,128062472.64671151,123118301.30038616,128075123.27852975
600,127974039.25783709,123009311.61615787,127984435.9571487
601,127882663.54891343,122900232.80800211,127890470.60918176
602,127787465.70223746,122790193.37410112,127793453.01034927
603,127690137.5406776,122680881.75856154,127693602.48097442
604,127589801.2134558,122571416.45768277,127591337.39391959
605,127486867.4380613,122462204.26182897,127487117.31112504
606,127382187.17843029,122354091.93352492,127380968.73627383
607,127275313.56800038,122246628.13038379,127273100.01834594
608,127167106.93892036,122140668.43414468,127163956.9207689
609,127057999.61277196,122036640.14117718,127053821.96709958
610,126947107.46135195,121933653.82299855,126943051.61514701
611,126836187.02407876,121833460.44336912,126831874.47316922
612,126724356.5024441,121735172.35238488,126720322.91637962
613,126612057.20629928,121639224.73235767,126609206.39004065
614,126500628.85920931,121546950.90271676,126498063.6427909
615,126388741.07787855,121457013.79893528,126387426.14025903
616,126278191.22095297,121371203.8207887,126277760.15795484
617,126168545.76250039,121289080.20524739,126168969.55450681
618,126060269.7111686,121211100.4450043,126061788.81915452
619,125953380.05308235,121137273.73070136,125956330.713582
620,125848348.84440026,121068064.04277632,125852294.15991537
621,125746110.56612162,121004397.50552325,125750870.90885802
622,125646236.98552087,120945837.24774548,125651432.33144934
623,125548753.5425284,120892399.78832312,125554557.7673617
624,125454607.7984037,120845023.48404233,125461152.13266477
625,125363833.99355413,120803733.08654329,125370325.58075386
626,125276930.4241744,120769017.11806329,125283572.00512786
627,125193470.30533901,120740438.73361045,125200550.83100045
628,125114888.99830347,120719422.94732644,125121672.96405564
629,125040297.3043505,120705069.9253759,125046979.72361289
630,124970674.15864229,120698347.67882696,124976952.75144725
631,124906067.58565857,120699293.01810454,124912450.60495535
632,124846525.75610983,120707942.60890748,124853053.67371576
633,124793045.93345776,120725281.9177241,124798783.69302782
634,124745209.65068935,120750880.3875941,124750658.28087069
635,124703547.58335188,120785256.31012541,124708664.92265095
636,124668596.6349603,120828933.90987922,124673237.74025616
637,124640419.49543369,120881962.90178089,124643956.85380377
638,124619079.11871788,120944392.96771435,124622173.70932287
639,124605122.22987154,121016757.26257807,124607103.73065352
640,124598616.88186014,121099109.9700476,124599587.7894637
641,124600117.96106316,121191991.80704927,124599732.6918026
642,124609210.65551,121294973.49096139,124607574.55306424
643,124627432.6656321,121409577.94932833,124623979.53279553
644,124653393.77669036,121534399.89124708,124648701.02619137
645,124688641.52330245,121670971.47084862,124682114.81531636
646,124733259.69580428,121819360.7926079,124724735.50033253
647,124786836.8066364,121979140.37667,124776694.4923873
648,124849950.03739421,122150871.10483089,124838040.70628175
649,124922684.35717021,122334621.33779705,124909198.64909892
650,125006125.68289398,122531460.07442865,124990328.36868913
651,125099365.44636178,122740454.76103118,125081845.29641911
652,125202993.41871901,122962143.67877293,125183575.1321149
653,125317606.00249898,123197064.21296462,125296484.9747467
654,125443299.76880103,123445253.10234194,125420036.55247264
655,125580679.72378582,123707254.70243219,125554842.41970429
656,125728828.88874783,123982090.56246276,125701439.16554447
657,125888862.70436814,124270813.82641102,125859573.5089318
658,126060884.18046384,124573464.37950888,126029447.8296196
659,126244996.7843743,124890081.73333715,126211311.48307844
660,126441304.44104959,125220705.0225719,126405829.55238509
661,126649911.53319705,125565373.00173475,126612890.23247492
662,126871441.80197726,125924642.94243424,126832407.24532062
663,127105484.7815687,126298037.06441382,127064909.51220855
664,127352668.27569754,126686115.0084997,127310659.12262797
665,127613103.22749226,127088918.70280442,127569954.15301277
666,127886375.87075777,127505964.51027663,127842569.19196844
667,128173120.13355882,127937815.62848563,128128523.96371414
668,128473976.72811629,128385041.17563929,128428381.01610006
669,128788003.40605937,128846626.44187693,128742179.4697438
670,129116371.77847373,129323669.70527431,129069958.08216326
671,129458667.34238267,129815682.25419536,129411755.24468172
672,129815004.43295544,130322703.33528356,129767817.50488108
673,130185497.88724932,130844771.81289765,130138293.88998558
674,130570263.05063133,131381926.17113598,130523097.69301468
675,130969955.24858692,131934743.98115687,130922596.60874887
676,131384154.59761629,132502726.70749366,131336654.96486364
677,131812978.02127738,133085911.71942519,131765132.63002445
678,132255998.71782167,133683791.7538459,132208585.3597489
679,132714421.6327823,134297490.38299745,132667116.97028561
680,133187822.68234694,134926501.2328938,133140303.48125525
681,133675771.93053581,135570311.15546227,133628819.8834193
682,134178384.28111719,136228950.91533327,134132311.80819446
683,134696327.54181457,136903003.24883667,134650817.82951856
684,135229722.65363452,137592503.08803338,135184376.15169188
685,135777580.07504514,138296373.9395177,135733127.24745086
686,136340569.4621846,139015197.5591691,136297451.99634242
687,136918808.79641774,139749003.0741777,136876944.662785
688,137512416.71793956,140497819.31104317,137471565.01526472
689,138121512.54153,141261674.80565605,138081018.37574553
690,138745652.5834219,142040034.12442666,138706232.3133335
691,139384952.65398997,142832920.35117352,139346708.22078502
692,140039529.27228504,143640356.2957986,140001983.01446322
693,140709499.6822012,144462364.5045423,140672120.21137166
694,141394411.62972495,145298397.03127024,141357668.9648927
695,142094950.80860424,146149042.87713456,142058632.95907956
696,142809516.14218584,147012603.2663622,142773972.3485668
697,143539938.62029108,147890810.47704375,143504323.05423808
698,144284608.83974248,148781955.37554044,144249794.8205299
699,145044790.77651432,149687201.1824858,145010272.44038177
700,145819441.8986964,150605403.57957476,145785784.04390806
701,146608670.9275921,151536576.52539828,146575815.18642813
702,147412004.34912407,152480183.1274179,147380367.6456763
703,148230133.15985906,153436858.52182856,148199463.93062022
704,149063169.06497765,154406658.05222127,149033126.29430622
705,149909459.2857037,155387872.0727307,149880865.40124992
706,150770872.5626154,156382311.9470594,150743143.45731914
707,151645747.80412048,157388258.69266337,151618562.9427884
708,152534185.088728,158405753.9787333,152508362.04646072
709,153436880.4723201,159435434.9291783,153411383.0568405
710,154352747.12309012,160476155.25327837,154328286.5445637
711,155281882.61724997,161527952.5371114,155258373.27322334
712,156224985.5491288,162591464.8493775,156201424.29676092
713,157180354.62930986,163664929.835268,157157031.38509107
714,158148683.3825071,164748979.41008124,158125545.3962067
715,159130067.6612663,165843647.26867202,159107165.6918716
716,160123390.26465407,166947753.4998942,160100680.9901008
717,161128738.51759112,168061322.16169742,161106877.75312755
718,162146200.53420046,169184377.54024386,162125120.69570348
719,163175253.18178537,170316332.10966176,163154895.9258643
720,164215981.0315771,171457205.47857317,164196632.63519984
721,165267853.97527698,172606402.002421,165249823.89640304
722,166330952.97459894,173763936.5287979,166314075.64245242
723,167405359.7222308,174929824.05419573,167389786.94663203
724,168490536.0661854,176103459.14414406,168476177.08165854
725,169586559.99349886,177284851.91269296,169572878.5714569
726,170692886.18372467,178473388.57168788,170680181.43246225
727,171809588.8394172,179669074.25702703,171797466.20769942
728,172936742.82068345,180871914.15897948,172924200.40180162
729,174072536.14738932,182080026.02014706,174060407.8180794
730,175218291.20703998,183294661.33908802,175205813.27494463
731,176373446.94794273,184515187.55921003,176360125.92114252
732,177536801.64981613,185740330.8350927,177523084.34008485
733,178709048.54871088,186970711.65310448,178694371.38176772
734,179889612.72942838,188205681.7194986,179874001.73378924
735,181077273.31483325,189443946.14538142,181061737.40011057
736,182273361.2059517,190686761.1824463,182257223.73635536
737,183476006.54032272,191932181.67693576,183460236.85105476
738,184685898.1485648,193180820.52179727,184670395.03721485
739,185902439.24292383,194432004.34079462,185887703.3811692
740,187125026.4951749,195685052.56195006,187111551.73446566
741,188353050.00578326,196939277.38222006,188341059.4763536
742,189586545.0599423,198194635.51902518,189576904.62329763
743,190825547.3389803,199451083.4171236,190818287.35166278
744,192068782.31032762,200707266.63402438,192064449.02143613
745,193316275.8627188,201963130.47061253,193315689.5541402
746,194567395.4106407,203217961.0710015,194571223.73631755
747,195822162.24766287,204471697.77124906,195830318.99447197
748,197079935.63772407,205723617.18601394,197093584.12282488
749,198340732.2254333,206973652.61421362,198359565.2165319
750,199603903.0633868,208221071.06168756,199628655.10413828
751,200868792.2408053,209465149.30303162,200900190.4513996
752,202134736.3321314,210705226.01061884,202173500.95417672
753,203402407.37343627,211941993.0645777,203447983.8890765
754,204671138.74361765,213174804.08786684,204723596.6521496
755,205940256.9558598,214403006.23678553,206000189.03074265
756,207209081.63502008,215625940.17742184,207276514.19305742
757,208478960.65659717,216844975.22369954,208552485.776656
758,209748535.75316936,218058774.9429152,209827423.2969063
759,211017798.51437044,219267353.15483943,211101255.89483353
760,212286056.99813473,220470040.5421172,212373272.46969858
761,213553297.876245,221666846.7950071,213643306.91137418
762,214818820.67630243,222857094.85258278,214910722.43871668
763,216082607.11504614,224040790.2353304,216174811.78101513
764,217343257.15930992,225216557.1054329,217434923.64896485
765,218600742.10492966,226384391.3450618,218691694.94500762
766,219855033.43569684,227544289.4147748,219944554.8309118
767,221104709.9896874,228694855.51935443,221192861.7409556
768,222350430.96113035,229836774.60925734,222435967.8293409
769,223590062.77021137,230967939.25007227,223675021.9177918
770,224824959.51402,232089730.07320175,224909017.59574047
771,226053675.21735474,233200728.026484,226137792.77443948
772,227275454.96728024,234300205.50865558,227360789.269953
773,228490951.34714726,235388842.80336675,228577906.0706764
774,229698696.81876642,236465200.4614458,229788600.3256214
775,230898631.30305284,237529246.88173196,230992744.05058753
776,232091407.6278254,238581663.75916314,232189276.7225377
777,233276256.65716565,239621711.2145275,233377881.43848953
778,234453118.47473112,240649358.978274,234558554.53003493
779,235621933.19424522,241664577.2016076,235730286.30488595
780,236781920.7383925,242666616.23609877,236893173.9057557
781,237933737.75654408,243656163.55223376,238045963.9372351
782,239075876.55628103,244631742.67187443,239188934.00663558
783,240208991.87263325,245594039.93854445,240321601.14031693
784,241331562.95474654,246541566.6052582,241443013.1092509
785,242443513.05625474,247474278.32616493,242553334.01128536
786,243543302.6582397,248390668.38089392,243651942.89358485
787,244631576.7644161,249291414.9712359,244738257.87805742
788,245707517.5412759,250175733.86289456,245812658.61852652
789,246769562.57757753,251042096.64669192,246875019.92674163
790,247819089.4064303,251891915.26247713,247924999.6675006
791,248854527.6259152,252723654.121678,248962568.23572773
792,249876519.1411859,253537990.3514373,249987328.6142686
793,250884224.22031298,254334119.85259464,250999254.03899944
794,251877541.55039072,255111977.35803154,251997985.92381415
795,252855621.27399662,255870749.47146633,252983071.01270986
796,253819105.6704248,256611115.35111958,253954215.16861707
797,254767892.18106788,257333009.73762056,254910574.2118921
798,255701123.97322518,258035613.5204302,255851500.59162995
799,256619447.56770727,258719611.3681482,256776379.1062021
800,257522001.34071934,259384180.2331851,257685320.4114164
801,258408675.43842635,260029257.93115503,258577282.23978546
802,259280122.41742638,260655579.94319618,259451784.01286146
803,260134712.40752515,261261608.89941785,260309237.12934196
804,260973095.2867002,261848088.13980433,261148828.81285518
805,261793626.65301436,262413467.69092152,261970782.12757006
806,262595415.20165303,262956951.64782023,262774515.027459
807,263378332.196863,263478507.6509083,263559763.96225098
808,264142248.17078975,263978103.58978862,264326102.1897478
809,264886258.1812925,264454932.86614025,265074023.51625505
810,265610225.49174815,264908958.07865208,265803299.68602604
811,266314012.56236768,265340142.01953208,266513427.71220392
812,266999041.98351967,265750008.61308423,267204801.9594681
813,267664403.6958286,266137750.14112225,267876741.26857257
814,268310747.7629612,266504120.0211308,268529306.0226482
815,268938731.10645473,266849879.54652917,269162909.9578316
816,269548229.33798105,267175009.72443014,269776314.49092406
817,270138327.11241263,267478701.6342615,270370012.91767347
818,270708892.535989,267760930.8415472,270942546.63167185
819,271258998.8534926,268020879.09076065,271493187.0728789
820,271787710.665638,268257720.52845168,272021902.3512983
821,272294083.89819854,268470621.6781741,272528630.91188693
822,272777965.57721245,268659541.22155744,273012596.54334056
823,273238400.02790725,268823636.2031615,273473762.38317114
824,273676030.22684234,268963663.38861567,273911861.8934823
825,274091505.981695,269080387.4504712,274328523.07441306
826,274484676.3489337,269173773.3920098,274723075.15902686
827,274856198.9956174,269244595.9152509,275096242.9285933
828,275205926.9540957,269292826.181933,275448774.67389214
829,275535339.2741252,269320062.47198725,275780685.10622627
830,275844298.8910415,269326288.05814517,276091225.499076
831,276132667.83243996,269311486.4191326,276380312.45080173
832,276399487.8472232,269274821.87531394,276647214.20840454
833,276643791.899253,269215451.0890234,276891119.40942085
834,276866250.77086115,269134169.67483914,277111209.3165418
835,277065066.3465459,269029305.4901314,277307331.593123
836,277239251.043477,268899998.0725056,277478783.2548232
837,277389466.9039929,268747037.7393279,277626030.7470219
838,277516382.93785554,268571222.93709874,277749824.4188273
839,277618175.5206421,268370860.64705372,277850294.64910334
840,277698015.3780405,268149253.37676248,277928022.99256134
841,277754918.1782143,267905549.7598865,277983172.9157716
842,277789569.0728341,267640569.1046988,278016900.87310374
843,277801819.1025936,267354297.8071788,278029628.76298976
844,277794047.89400476,267049252.05547953,278021340.20031554
845,277763587.1763169,266722901.35461026,277991462.42020136
846,277711979.61623156,266376927.36900437,277939168.4666658
847,277637386.3328681,266009631.44542786,277864688.7740755
848,277540505.0252231,265621852.74846932,277767250.1024055
849,277420334.1474735,265212732.44395816,277645706.39241374
850,277275863.20241344,264781404.00060046,277500198.1176003
851,277108643.8834863,264329552.09143987,277331507.1240331
852,276917663.6977313,263856249.24831393,277139010.51142365
853,276703623.1657961,263362269.4129202,276923784.978894
854,276466366.6568721,262847530.96960428,276686866.1132657
855,276208333.38106763,262314547.74427512,276428279.0500071
856,275927649.37641746,261761520.99801975,276148413.04030776
857,275626770.12893355,261190982.05381805,275848478.1499007
858,275305560.4285989,260602872.15925398,275528590.26522857
859,274963884.1078778,259997132.2317941,275188160.64226
860,274601604.03042907,259373702.85431188,274827373.40530545
861,274219459.5306053,258733401.72143874,274445619.95179355
862,273816438.12475073,258075295.35774666,274043042.5919412
863,273394162.7665118,257401086.3799732,273618793.66515166
864,272951621.0182553,256709842.6753765,273172963.8335972
865,272488676.8792241,256001509.2368468,272706286.93287337
866,272006968.65406597,255277806.0384016,272218424.18924755
867,271504591.14627504,254536910.23560223,271709862.2693358
868,270982297.0236432,253779657.53797945,271181311.05213684
869,270440846.1121819,253006891.5099271,270633999.97598743
870,269879213.6486868,252217671.83022735,270067337.2945431
871,269298161.4577283,251412845.4759877,269483150.3944179
872,268698458.5339337,250593267.31184927,268881381.3638774
873,268079076.92520714,249757995.9801084,268261971.9709171
874,267441691.74383715,248908793.91869438,267625045.10194266
875,266786181.16344908,248045627.3649593,266971071.29396194
876,266113330.5644063,247169370.50787652,266299591.72532472
877,265423022.2042104,246279995.1651951,265611864.69067702
878,264717874.5457065,245380210.1183536,264907097.68388578
879,263995957.42413592,244468176.2861883,264185459.17464414
880,263258989.32993612,243545704.01433665,263448254.0401469
881,262505948.37077793,242611864.04381981,262693936.36942527
882,261738565.53732023,241668480.78328332,261923328.65615284
883,260955818.9709918,240714626.58320174,261137152.87222767
884,260157602.373456,239750290.15170202,260334562.9334043
885,259344735.44994467,238776387.0041901,259516392.04465738
886,258517116.15774366,237792911.71805984,258683460.20150644
887,257674641.46289185,236799858.69554713,257834790.50952414
888,256819073.9736537,235799088.80328667,256972098.68881446
889,255948450.4809153,234788737.9187213,256095445.5820239
890,255065477.6010505,233771612.57890955,255205686.46026608
891,254169127.7750476,232746785.98552212,254302812.5811047
892,253260247.58051756,231715206.32264858,253389385.1666863
893,252338747.2967522,230676886.32758167,252463840.12869224
894,251406428.25570425,229633730.6474522,251527701.91757804
895,250461315.55908757,228583868.56191504,250580293.4150999
896,249506167.52958396,227530163.43987,249623125.74480176
897,248539957.85752982,226471694.89159477,248655614.31811967
898,247563559.86229774,225409443.03550428,247677623.95001227
899,246577854.61391094,224344396.62507662,246689914.29046923
900,245582772.28300396,223276594.40405846,245692634.72749278
901,244578242.53341272,222206052.3374217,244685779.7662423
902,243566120.9898305,221134620.17229623,243670804.74863374
903,242546349.71843693,220062210.70261106,242646684.8352951
904,241518870.2036232,218988735.8115275,241615090.15406433
905,240484592.73923054,217915075.86418897,240576041.25629392
906,239443464.13866183,216841147.419284,239529971.9058454
907,238397378.02619204,215768813.52174988,238477158.65950996
908,237345317.31290153,214697026.18003926,237418909.62998253
909,236288211.78848732,213626683.9592074,236354573.99380264
910,235226019.32380548,212557713.18467256,235285399.61529037
911,234159679.6624002,211491021.73490447,234211796.29525366
912,233090140.8092368,210427525.4312585,233134036.42933482
913,232017372.50171447,209367161.51003075,232053089.080332
914,230941344.18273008,208309866.59650436,230969368.97491845
915,229862025.0207312,207255576.72592464,229882901.21877158
916,228781370.05760232,206206213.49224415,228794718.09824896
917,227698365.74810588,205160729.58836064,227705596.4968126
918,226612987.07842577,204119065.9253897,226615450.18863684
919,225527208.00133643,203083162.0684972,225524682.06111005
920,224441016.2013082,202052971.00259596,224433686.43987098
921,223353395.31027055,201027441.34862876,223343301.71787316
922,222266338.45995557,200008530.9163543,222254030.98518863
923,221180847.8436174,198997206.2664307,221165700.65753832
924,220094902.90095094,197991410.8956152,220078782.21889997
925,219011528.85735783,196994133.77622476,218993603.4104086
926,217929717.74990228,196004330.3821958,217911060.21394598
927,216850486.9436486,195022981.20543128,216831686.2329787
928,215774862.58437192,194051075.20842224,215755419.54553282
929,214702858.19810414,193088588.42360115,214682197.6452826
930,213634487.36627546,192135496.6281833,213612605.45312703
931,212569763.73681957,191191775.35485867,212547612.53823614
932,211510757.11517835,190259455.98226684,211486479.16020414
933,210456464.3047247,189337496.574768,210429701.6720485
934,209407938.31080413,188426911.0857057,209378668.87275276
935,208365206.4390216,187527687.45478347,208333088.64008507
936,207328296.14171335,186639813.45349047,207292614.7843325
937,206298274.12225842,185764315.7882263,206258962.38626474
938,205275174.81050813,184901188.57439765,205232489.53241026
939,204260076.3601483,184051469.33229923,204212080.5373753
940,203251974.50716183,183214112.84394065,203200015.7701654
941,202253000.25452018,182391208.83594432,202195566.02534595
942,201262152.02543545,181581714.1308431,201199696.76391518
943,200280524.4619917,180786681.44359127,200213264.5534843
944,199308166.72649232,180006117.68062434,199236245.83575252
945,198346185.17267907,179241086.6086186,198268616.80600196
946,197393577.12098718,178490542.62711328,197310488.7728814
947,196452515.40275395,177756615.30991024,196363707.35981658
948,195522000.2459379,177038261.28780636,195427316.2918481
949,194602089.1395028,176335494.10981083,194502295.38799155
950,193694976.16832897,175650463.57471028,193588632.82963276
951,192799662.3735613,174982115.00693426,192686571.10656744
952,191916211.46719182,174330411.53813726,191796893.32057878
953,191045762.10668486,173696379.2938791,190919580.3590521
954,190187308.17075628,173078898.69828227,190055636.26222765
955,189343073.1136208,172480078.822558,189204099.72827086
956,188512054.0344967,171898801.44861057,188366874.52262303
957,187695407.31206095,171336106.69741434,187543137.16832387
958,186892126.5860486,170790871.00436062,186733753.37258744
959,186103373.86563495,170264138.22121412,185938831.65855917
960,185330320.81868568,169756960.89876744,185159298.1466234
961,184571962.86491305,169268214.3732352,184394398.64388648
962,183829477.48268318,168798955.06613547,183645763.16199335
963,183102954.39425778,168349150.66244662,182912881.40964764
964,182392484.02505392,167918768.56262666,182195577.75850615
965,181698157.52864254,167507775.90022057,181495549.4131866
966,181020066.81202903,167116139.55960265,180812436.9780105
967,180359411.22145635,166744932.8541002,180145972.41194323
968,179715182.16479042,166393020.14056286,179496905.3612314
969,179088585.21019858,166061478.91009337,178864693.72596937
970,178479722.42206815,165750282.11589164,178250518.09324813
971,177887580.93044695,165458286.73450062,177654224.67365614
972,177313375.8494852,165186576.67593724,177076168.65434498
973,176757211.9988953,164935124.49673143,176515949.8710697
974,176220317.90095022,164705025.38839862,175973853.67092502
975,175700557.1823631,164494008.57069445,175450912.08743632
976,175199158.07575777,164303166.78436595,174946834.80037645
977,174717359.0817268,164133601.9444016,174461808.14510936
978,174254145.07938376,163984161.2416913,173996243.77398136
979,173809627.07082692,163854816.87852013,173550109.81850782
980,173385053.7644271,163746677.64281082,173123374.14389774
981,172979406.43441638,163658583.7585982,172716004.365869
982,172592799.46805674,163590507.424019,172328533.35609517
983,172225348.41583282,163542420.85226429,171960923.96698087
984,171878315.9007134,163515442.1715434,171613118.1837047
985,171550678.61487153,163508402.41245386,171285665.31577733
986,171242555.7023728,163521273.88126913,170978041.32874298
987,170955220.41789633,163555181.8092118,170690078.67829058
988,170687646.15142426,163608950.36765173,170422384.1689404
989,170439955.76172575,163682551.99205676,170175376.4810071
990,170212273.3647933,163775959.16085663,169948851.5467224
991,170004724.34250185,163889144.3944919,169741801.70385134
992,169818599.94105008,164023244.84420997,169555304.875515
993,169651701.26123676,164175906.27266064,169389696.7707404
994,169506489.05722994,164349432.84295255,169244198.6312858
995,169380757.6112897,164541460.98362947,169119123.2481007
996,169275805.6619742,164753130.30709895,169014919.33830658
997,169191766.30212477,164984413.49780872,168930748.17661098
998,169128773.91856077,165235283.2421006,168866582.4869544
999,169085783.11544302,165504531.14170274,168822663.2258048
1000,169064107.21329588,165793306.20284903,168799592.01479292
1001,169061513.2528681,166099223.97203374,168796449.22827974
1002,169080504.92212325,166424692.10456386,168813421.2475018
1003,169118844.36045316,166767390.1296257,168851226.0182144
1004,169177854.7826557,167128557.98052073,168908882.49372154
1005,169255284.278182,167505859.7855391,168986363.62927416
1006,169353653.89274243,167901731.94115892,169083642.42098078
1007,169470704.72675836,168313830.202056,169200812.85350856
1008,169607767.40323967,168743399.14050457,169338687.5964289
1009,169764978.48925453,169190488.5593358,169495283.48933575
1010,169940061.35612142,169652734.3435821,169672609.84388968
1011,170135559.90751728,170132592.18000323,169868477.9326171
1012,170349190.3868405,170627689.3558309,170083982.37913474
1013,170581079.8815854,171138063.2544914,170319096.3731861
1014,170833790.24563512,171666185.26921037,170573989.17020872
1015,171103807.74566567,172208450.44069734,170847368.9516614
1016,171393698.991103,172767333.37834924,171140257.8208108
1017,171703602.97856984,173342880.29591385,171450346.7049199
1018,172031207.06260026,173932684.97339094,171779876.69271207
1019,172377866.935778,174538008.7283305,172126768.06251743
1020,172743717.84218952,175158891.62042066,172492029.88524047
1021,173127662.52548096,175794140.39065742,172873634.80662733
1022,173529831.2588991,176443788.48247907,173273541.04557258
1023,173947878.47997195,177105392.66752538,173689959.91928276
1024,174384403.96651757,177781454.21271226,174123669.03441703
1025,174835811.35801506,178468277.39266115,174574885.50648642
1026,175304705.0335501,179168366.3587003,175041663.59959906
1027,175788717.1575549,179879252.17566124,175525582.80978885
1028,176287962.7551711,180600947.88830516,176025225.6199826
1029,176805063.99435437,181335972.79450324,176540132.44425634
1030,177336386.20765555,182080588.45811176,177072192.6084909
1031,177884556.13077033,182837316.93863866,177619310.92781985
1032,178447179.65004998,183603658.52990246,178182371.16827413
1033,179026895.37029082,184382145.31900647,178762077.47884434
1034,179621301.53415748,185170268.0969899,179356768.8326129
1035,180231780.9444074,185969301.27233073,179966571.24524528
1036,180855916.83106762,186776718.72945872,180591915.1635787
1037,181492546.4559543,187591247.42467588,181232042.16458637
1038,182144323.426136,188415429.69109222,181886552.41506904
1039,182808812.01068383,189246717.54692844,182553957.39378732
1040,183484837.8076268,190083823.35410947,183234811.29002446
1041,184173782.42462873,190928014.49067548,183927969.0995576
1042,184874468.5486216,191777998.41224933,184633301.84652478
1043,185585710.00924775,192632472.70742196,185350541.46617898
1044,186310181.21399957,193493994.52495152,186078582.38556442
1045,187045408.14451128,194359971.56223768,186818731.95017987
1046,187791487.52241856,195230381.2234928,187570337.59677997
1047,188548517.03264466,196105200.83547693,188332752.3568918
1048,189316595.3174222,196984407.63411102,189106108.30749488
1049,190094519.7705731,197866676.55149662,189890218.09988758
1050,190882383.47896752,198751977.15027115,190685378.8470466
1051,191678973.24352902,199638998.55395758,191490707.2191327
1052,192484376.32362768,200527837.34321183,192305927.0853516
1053,193298680.82226655,201418617.90393096,193129038.0273115
1054,194121975.71216813,202311465.6358325,193960199.2221399
1055,194951716.56073117,203203872.6740788,194800111.20131123
1056,195789298.68421885,204097271.04031548,195646693.23332414
1057,196633483.9390726,204990459.43102217,196499499.124926
1058,197484349.59751692,205883552.0903417,197358995.29377764
1059,198340646.56022513,206775337.02016369,198223907.73143715
1060,199203775.72168905,207667252.34310454,199094005.88325372
1061,200072484.42200086,208558082.75209495,199970487.15923387
1062,200946845.3138329,209447938.37536135,200851417.72156158
1063,201825594.53810018,210335592.9502882,201736775.338624
1064,202708798.49670652,211221150.59456086,202626537.70093971
1065,203595181.98153082,212103373.9337462,203520434.04445106
1066,204486149.72600177,212983705.6516589,204417387.03151307
1067,205379075.3335442,213859557.4177971,205317164.20437506
1068,206276711.8199864,214733720.42893282,206218676.03433812
1069,207175071.36403134,215602245.15896204,207122021.00151807
1070,208076910.40322885,216467926.4544483,208027321.551081
1071,208979576.5540411,217328150.45444992,208934455.94248366
1072,209884477.23336554,218184363.2119945,209841260.23840234
1073,210788943.01281458,219033934.04849562,210748983.46435848
1074,211694379.37812185,219878307.31348127,211656502.33693627
1075,212599467.18410134,220716202.84005708,212563892.10276106
1076,213505617.45447466,221549070.74541557,213469991.77259076
1077,214410133.7440616,222374253.79388627,214376212.60791668
1078,215314424.8451973,223193200.10438502,215281310.29036325
1079,216215776.7191325,224003235.08301854,216185433.69551685
1080,217116976.02497432,224807184.95339608,217087383.09295273
1081,218015298.6054764,225602365.24395743,217987233.0446716
1082,218910770.6005288,226388841.9031627,218883816.71490744
1083,219803418.09844184,227166680.95263645,219778409.21319747
1084,220693267.10439,227935948.4576306,220668746.9880616
1085,221578950.4421912,228695317.43097824,221557110.99842697
1086,222460486.15470576,229444846.23582134,222440308.57574576
1087,223337892.0963062,230184593.1805612,223320286.43614003
1088,224209785.12597665,230913215.71458918,224195205.32257122
1089,225076174.91000026,231630764.23375544,225065872.14418665
1090,225937070.82736263,232337288.9887009,225930384.10033303
1091,226792481.94322672,233032840.06140918,226789411.13629007
1092,227641005.8913897,233716056.2508865,227642240.48863286
1093,228482643.28016737,234386979.48241678,228489706.30018216
1094,229317394.31578347,235045651.43446746,229330152.84484226
1095,230145258.7795629,235692113.51954675,230163980.26606327
1096,230964814.56230366,236324985.42238697,230989653.84851003
1097,231777476.78694957,236945724.2265768,231808401.45156473
1098,232581817.1918132,237552943.80189356,232619227.2292367
1099,233376396.6141169,238145247.29210374,233421330.574805
1100,234164060.44858274,238725522.5779649,234214776.3602177
1101,234940502.3243492,239289518.91364473,234999629.50996855
1102,235708569.907389,239840191.7869333,235775091.5123809
1103,236465372.67779207,240374772.1666359,236540693.4514997
1104,237213767.67977533,240896239.3509688,237296492.65807676
1105,237950852.72570324,241401814.17806318,238041746.66685575
1106,238676599.06016955,241891591.69669387,238775907.70170692
1107,239392427.36831567,242367117.1814127,239499025.20969507
1108,240095409.95723578,242825588.3209373,240211148.48572198
1109,240788418.87375334,243270003.3430835,240911613.0366711
1110,241468514.55187783,243697549.66955182,241599766.8947596
1111,242137117.5101598,244109775.62078893,242275651.13619992
1112,242792731.5854812,244505313.6574636,242939306.5902298
1113,243436781.07324404,244885717.52851948,243590147.62868217
1114,244067763.05196542,245249614.60381937,244228020.4852062
1115,244685634.4265098,245597092.9256086,244853198.20777363
1116,245290351.3165495,245928240.60539293,245464313.3681628
1117,245881869.04506162,246243145.82103983,246061600.51464388
1118,246460142.12661508,246541896.81385544,246645336.42254618
1119,247023642.55425623,246823100.18444994,247213810.79944137
1120,247572315.24470177,247086836.3470965,247768061.180904
1121,248107591.25514638,247334672.7558931,248307147.46052226
1122,248627932.07610658,247565208.2071484,248832307.10203385
1123,249133280.0130918,247778523.23077896,249341604.82867885
1124,249625071.4375435,247976193.35116065,249835513.09183252
1125,250100259.56810406,248155311.8784921,250314486.13718185
1126,250558775.9855702,248315951.4340224,250777094.98468396
1127,251003557.21816078,248461190.54577118,251225053.47869903
1128,251433043.2942269,248589612.21186545,251656451.1562916
1129,251845662.60022765,248699788.76931265,252072286.04157573
1130,252244364.72606835,248794814.75030267,252471691.23595664
1131,252626065.08372656,248871751.51196,252855763.4952436
1132,252992205.59435317,248932187.934728,253223344.3075665
1133,253342718.83967146,248976204.58520317,253574520.22664902
1134,253676014.65988013,249002360.32561907,253909377.8736539
1135,253993539.78682005,249012251.95873398,254228003.93442002
1136,254295223.53230956,249005959.9280215,254530387.35839385
1137,254579464.34969062,248982034.8911976,254815230.97959515
1138,254847713.62691927,248942081.525412,255082663.59569457
1139,255099897.22792706,248886180.08082315,255334175.75036296
1140,255332864.20725062,248811335.10754552,255568390.65668407
1141,255551143.3741138,248722232.0321467,255785130.7566513
1142,255751578.6388955,248615872.51661876,255986216.95842516
1143,255935628.79395825,248493874.25179106,256168802.2637522
1144,256101664.93712538,248354768.39346457,256332912.12398785
1145,256251148.699897,248200177.8033482,256481478.3706175
1146,256383997.2002863,248030182.01467237,256613323.59889886
1147,256500126.23406142,247844860.4362544,256727044.54137757
1148,256597890.7966469,247642732.88726342,256825319.2046845
1149,256678758.01469237,247425432.54168233,256905843.20069334
1150,256742639.60842323,247193038.4035754,256969665.7161948
1151,256789445.66070583,246945614.2345732,257017061.52130637
1152,256819083.84955242,246683163.0292908,257046835.5550206
1153,256833033.24737284,246407245.02908248,257060064.92213544
1154,256828055.01297575,246114703.22858217,257057099.5542053
1155,256807201.1359816,245808672.13168398,257036812.38107327
1156,256768800.217078,245487563.54334298,257000136.1569536
1157,256714336.4570401,245152945.57011136,256947496.68567497
1158,256643716.80112392,244804809.77601236,256876698.37892732
1159,256556846.73052976,244443146.98544157,256790350.16277254
1160,256453630.25814953,244067947.2903059,256687628.1759442
1161,256333969.9257264,243679200.05852175,256568771.4779546
1162,256199364.5138892,243278491.6553293,256433289.748579
1163,256048121.40769666,242864217.8200562,256281772.6622043
1164,255881741.953482,242437969.0341131,256114825.84377965
1165,255700131.07969564,241999740.1529183,255932527.3887396
1166,255501583.53972194,241547916.65972143,255734005.5053196
1167,255287604.5749079,241084095.3395624,255519649.8991081
1168,255058094.77599418,240608269.15155232,255290170.75540286
1169,254814570.3158322,240122047.4723584,255045637.192064
1170,254555317.46012354,239623810.61762533,254786078.82882926
1171,254281855.0973857,239115172.38253722,254512320.06114855
1172,253994086.48799217,238596131.8013647,254223483.6557629
1173,253691913.5239179,238066687.41762787,253919578.7259836
1174,253375236.74302432,237526837.30870727,253601427.3798388
1175,253043955.34432894,236976579.11134782,253268926.96294445
1176,252699603.6298778,236417546.47367176,252922916.3777979
1177,252342086.51949093,235849744.57997158,252563386.9776411
1178,251969665.66516912,235271536.27506936,252190329.4034881
1179,251585524.65828368,234686207.28136402,251803733.59144664
1180,251187925.4447636,234092122.62378123,251404197.29836988
1181,250776767.96257225,233489286.2769156,250992117.38230464
1182,250353604.11230734,232879355.14520094,250567028.78016973
1183,249918339.8503949,232262341.16557634,250129965.89136428
1184,249470879.99151707,231638256.11928898,249680415.53545526
1185,249011128.22931516,231007111.66187328,249217751.39772236
1186,248538987.15718544,230368919.3531235,248743089.73443633
1187,248056025.4582362,229725357.8561272,248256854.934145
1188,247562152.01489723,229076447.0558492,247759820.66106233
1189,247057274.68574986,228422206.84483314,247251151.51328602
1190,246539624.72260487,227760981.5490456,246732082.58352247
1191,246014134.80760884,227097817.97364244,246202612.80084878
1192,245477364.27741313,226429390.63568825,245662740.62438202
1193,244930901.16310796,225757403.81252992,245112464.0668277
1194,244376343.86427903,225083573.2241779,244552030.88346457
1195,243811921.77601984,224406246.66852677,243982825.292682
1196,243237544.6583946,223725453.3989053,243404654.77699932
1197,242654816.78236976,223042918.27797085,242816421.35069594
1198,242065352.9120498,222360377.76778036,242220924.6463319
1199,241467376.27782252,221676177.91063854,241616673.8135694
1200,240860801.85591346,220990357.61621764,241003764.0044545
1201,240247250.50578928,220304634.26699153,240383760.72665745
1202,239626643.92764464,219618912.6846071,239756675.70394444
1203,238998903.03715262,218933068.4635133,239122520.5098199
1204,238365663.27872416,218248691.73327816,238481267.7989303
1205,237725134.6050554,217563947.14256954,237832943.39282852
1206,237078956.78044903,216880429.16674212,237179233.96779427
1207,236427056.51295593,216198019.2440687,236520175.51180243
1208,235771086.5215587,215518324.8468341,235855787.57609057
1209,235110980.81468573,214841234.7635707,235184513.34712946
1210,234444940.4222122,214164904.83458957,234510920.9530407
1211,233774624.80860043,213490949.3684502,233832369.91547224
1212,233101704.31162545,212820993.5838099,233150075.7689791
1213,232424378.23425743,212153191.70421815,232465724.4623643
1214,231744321.5505491,211489173.66669735,231778109.47281584
1215,231063220.19277006,210830580.4113463,231087023.32997882
1216,230377522.31529903,210173815.147471,230393896.33076346
1217,229690662.45288906,209522267.5138529,229700434.07097375
1218,229002586.99410465,208875839.05394688,229005652.38105696
1219,228313241.8841938,208234430.920267,228309241.19822165
1220,227620811.52573496,207596182.7762953,227612516.62931406
1221,226930524.37684637,206966278.3956964,226915817.17870867
1222,226237041.80792603,206339334.51980048,226219027.95605412
1223,225545608.85105735,205720551.6074871,225523248.02923444
1224,224852641.50898167,205106301.1443663,224827656.75557894
1225,224161634.60994065,204500033.49755687,224132780.72701287
1226,223470770.4414998,203899886.54917014,223439051.43812245
1227,222781782.17812997,203307549.12327364,222747469.3088471
1228,222094630.08050174,202722937.1842867,222058530.92940843
1229,221411061.38359958,202147753.72391456,221371061.97434986
1230,220729254.58410338,201580133.04706603,220685317.8665279
1231,220049169.39542305,201019990.7251403,220002892.50583124
1232,219372561.31698465,200469038.16328055,219323420.86555532
1233,218701197.40739658,199928998.37122405,218646997.10365164
1234,218031451.08639783,199396200.76265,217975230.0214049
1235,217366891.08007526,198874170.09751374,217307026.86822796
1236,216705686.7039976,198361031.76201656,216642346.72023478
1237,216049616.65902677,197858520.5609738,215982834.35753247
1238,215398657.97745967,197366569.66023546,215328392.7890913
1239,214752787.80705136,196885112.36671463,214678129.4284386
1240,214111983.4453426,196414082.1584481,214033280.71268064
1241,213478044.6158863,195955234.95628858,213394517.48545498
1242,212850957.83135343,195508513.48221108,212760807.29067805
1243,212228881.7576493,195072032.61837044,212133853.27775407
1244,211613625.7186526,194647557.90652382,211512706.743223
1245,211005177.1402536,194235032.98650247,210898881.49112245
1246,210405360.77705207,193836238.81709522,210291744.66674587
1247,209812333.80066454,193449288.75829908,209692387.72293088
1248,209227927.7433752,193075970.50867695,209101272.93847856
1249,208650294.83887324,192714392.43956974,208519045.12914306
1250,208083122.3110752,192368197.87716636,207944354.5914214
1251,207522714.65562028,192033633.56075743,207377578.1562741
1252,206970916.95245007,191712431.32261395,206820401.7488392
1253,206429586.66848186,191406321.02235124,206273314.5131787
1254,205896872.60621905,191113323.2590195,205734197.46748334
1255,205374639.56996104,190835174.02844927,205205486.2909846
1256,204862898.45277324,190571754.8011611,204685967.7214242
1257,204361660.94490325,190322947.22153178,204177062.6275128
1258,203870939.56597644,190088633.13055488,203678705.3272695
1259,203388872.23206517,189866819.12329447,203190830.27845582
1260,202921099.60700393,189663013.89040828,202713571.68473473
1261,202462010.48959106,189471473.59538695,202248487.44026333
1262,202015380.89296943,189295840.94380453,201795380.55849168
1263,201581236.8914357,189136008.01983458,201352618.6234017
1264,201157715.19039425,188989976.8457513,200921857.1529555
1265,200746728.32170865,188859524.566673,200503092.45208305
1266,200346409.10266727,188742647.89876705,200098032.61021775
1267,199960577.54711807,188643030.0294746,199704874.77085283
1268,199587371.65817067,188558671.3991568,199325529.72316238
1269,199226823.94071403,188489466.20241302,198957928.89283806
1270,198878968.0444661,188435309.01979,198605630.54164034
1271,198543838.7812292,188396094.8235578,198265097.34692898
1272,198223386.52037758,188373633.36158255,197937829.03879756
1273,197915740.08551604,188365912.04223475,197625526.8445135
1274,197620745.83331484,188372635.00134215,197326502.91253442
1275,197340365.8922727,188395621.32893887,197042144.7553099
1276,197074071.32518005,188434198.21958733,196772525.67527583
1277,196821909.66188616,188488268.49287447,196517529.30513796
1278,196583929.69215778,188557735.37387457,196277039.4641983
1279,196360181.47450295,188642502.48945257,196049379.66138703
1280,196150910.1967757,188742667.7162239,195838709.5286402
1281,195956169.38695943,188858136.37857208,195641450.53626022
1282,195776013.86509487,188988814.18769076,195459305.1762775
1283,195610499.7492873,189134607.23458493,195292979.6513622
1284,195459684.46118808,189295421.9824301,195140949.37603614
1285,195323822.10044932,189471360.62778914,195004021.26718596
1286,195202777.94924933,189662135.59178555,194881229.0857794
1287,195096809.347131,189867850.38147873,194774592.34494403
1288,195005783.6087761,190088217.49406514,194683838.92609838
1289,194929764.7439011,190323145.12309456,194608269.34470722
1290,194869211.8760158,190572935.56344393,194547779.84231052
1291,194823799.1142014,190837105.06921017,194502267.0366321
1292,194793594.46931776,191115562.75593257,194472814.934729
1293,194778667.29315263,191408218.02566332,194458895.59521738
1294,194779286.39705414,191715178.67142925,194459538.31494522
1295,194794929.48294353,192035760.29398668,194475660.10755086
1296,194826065.56671166,192370268.71087742,194507667.34774178
1297,194872371.33707893,192718216.300869,194555208.41709813
1298,194934120.4129824,193079711.24684963,194618187.99613398
1299,195010990.06312555,193454264.2408166,194696511.15496868
1300,195103056.37999827,193841783.64327285,194790178.26789293
1301,195210397.0208385,194242193.25772703,194899194.4842838
1302,195332891.21447065,194655277.65252298,195023466.91076118
1303,195470418.54082364,195080836.10527283,195162903.02430278
1304,195622858.74594125,195518667.40211496,195317410.66532397
1305,195790696.23412168,195969174.31607598,195486977.77319688
1306,195973208.4624263,196431551.9877792,195671552.1468933
1307,196170679.93249848,196906001.9034477,195870997.88631603
1308,196382992.95933282,197392322.64984828,196085276.3357961
1309,196610030.0510264,197890312.28021953,196314171.90725338
1310,196851470.8716492,198399565.26332533,196557723.10291916
1311,197107604.10553646,198920284.33394733,196815983.2506263
1312,197378110.13837612,199452063.16019684,197088592.19046262
1313,197662872.30178422,199994697.57434806,197375460.65333313
1314,197961774.14549178,200547982.83132407,197676551.46192533
1315,198274699.44178557,201111713.59948725,197991776.35946113
1316,198601532.1895948,201685683.95113388,198320689.0337919
1317,198942156.61814916,202269687.35262844,198663421.51566973
1318,199296457.19013196,202863516.65410805,199019611.29686975
1319,199664318.6042511,203466964.07869005,199389257.17542523
1320,200045419.64434472,204079615.05830628,199771943.11367553
1321,200439851.01427573,204701466.0554286,200167581.29320323
1322,200847498.1285829,205332307.3406594,200576078.52418458
1323,201267832.45963258,205971514.3269408,200997224.65163976
1324,201700945.42372447,206619081.44284278,201430822.2456971
1325,202146514.4886898,207274588.22747692,201876723.23962566
1326,202604424.1287671,207937820.27282757,202335243.87277982
1327,203074559.04216772,208608562.42892084,202805642.80694118
1328,203556595.4869537,209286390.12745968,203288104.68354136
1329,204050208.67520246,209970876.76390728,203782431.4282234
1330,204555491.33620775,210662012.24877378,204288424.23237592
1331,205072118.44482213,211359367.72421783,204805836.24871987
1332,205599553.9798907,212062302.3109191,205334722.34637007
1333,206138100.49271277,212771012.6651627,205874671.16962463
1334,206687221.0189581,213484854.87956864,206425478.89105728
1335,207246587.0695889,214203392.46302122,206986944.21572167
1336,207816291.36788708,214926609.0669029,207558865.28056327
1337,208395793.51568863,215653854.14073914,208141039.6453941
1338,208985186.098836,216385109.0272682,208733264.2835317
1339,209583926.64324242,217119718.9083339,209335335.57203987
1340,210191682.6217141,217857237.80175093,209947049.28150937
1341,210808545.77318895,218597642.87080386,210568024.53421766
1342,211433969.85304615,219340272.16503733,211198197.9397087
1343,212067832.830082,220084886.80793568,211837396.70340627
1344,212709585.17461473,220830819.27595583,212485080.66278282
1345,213359316.81296703,221578040.3441668,213141123.79963827
1346,214016475.76265523,222325877.71282327,213805200.22573113
1347,214680936.67380702,223074084.54040018,214477052.2574654
1348,215352144.02857643,223821982.6348562,215156468.5145182
1349,216030185.45478278,224569535.75935537,215843085.94325742
1350,216714502.7192898,225316060.6179648,216536485.5976086
1351,217404966.7407649,226061331.15712205,217236535.6850112
1352,218101232.27368593,226805021.4778536,217942943.8511277
1353,218803602.29718885,227547482.93723065,218655148.82135874
1354,219509562.18651864,228286249.1055036,219373057.9370736
1355,220222230.6649904,229024486.71349853,220096338.7872598
1356,220939524.10078862,229760159.94509342,220824484.52108553
1357,221661525.49248007,230493399.41864946,221557315.01588306
1358,222388318.58277532,231224336.2969351,222294448.49394873
1359,223117802.72746038,231950917.15246356,223035599.2728989
1360,223850053.4103947,232673264.4791424,223780402.91328222
1361,224585146.74566272,233391501.19132242,224528325.6658111
1362,225325354.1966948,234107945.34006298,225279145.35760978
1363,226066366.75811955,234818334.29237708,226032523.08046862
1364,226810453.76967186,235524983.542782,226788010.4401107
1365,227557693.53967607,236228017.33467487,227545174.2475596
1366,228303749.52983913,236923144.8432717,228303642.87859622
1367,229053103.34058997,237614893.15934446,229063111.0963773
1368,229803620.45441517,238301173.03121126,229823093.7282302
1369,230553153.78245175,238979882.41023868,230583176.6107331
1370,231306205.41423026,239655568.19975346,231342937.40948462
1371,232056184.4495342,240321684.08633026,232102104.44566935
1372,232807596.7828415,240982780.32392305,232860165.07200974
1373,233558283.50003657,241636742.1305309,233616863.80071622
1374,234308306.49452248,242283675.30452877,234372094.07330635
1375,235055491.00626877,242921448.76420176,235125357.1495345
1376,235802129.5888119,243552398.51550072,235875823.4620767
1377,236548284.59085646,244176630.13466966,236625218.03734347
1378,237291771.86348835,244792002.47675845,237372081.97082686
1379,238032644.15618733,245398611.0732097,238116543.84171382
1380,238768701.1346124,245994298.15149468,238858255.98028412
1381,239504498.59137553,246583661.84801653,239595638.21556586
1382,240235579.80925763,247162287.5737359,240328811.08399823
1383,240961987.7524368,247730260.20809013,241058267.1795787
1384,241683765.3203263,248287664.35580656,241785279.03869683
1385,242403224.80097672,248836853.80356345,242506554.14250085
1386,243118145.97693098,249375649.62939087,243224105.70211595
1387,243826295.39593765,249901859.47721642,243937595.7927187
1388,244529984.9542279,250417836.14426306,244643579.80634075
1389,245226974.29988942,250921379.9888325,245346035.9958814
1390,245919581.50925866,251414849.61139676,246042908.87529054
1391,246605559.23461556,251896038.0072817,246732391.03725642
1392,247284939.18915388,252365017.05691633,247418701.1719935
1393,247960048.57018045,252824153.9546012,248095473.59946975
1394,248626330.2949188,253268931.45017081,248767167.6269682
1395,249283805.2949309,253699410.14956278,249431675.36785862
1396,249934799.79963765,254117955.80477488,250089155.9866165
1397,250579343.91277868,254524637.8970483,250737535.65875268
1398,251212842.8206617,254914900.85212603,251378995.0121711
1399,251839937.11946172,255293424.37484643,252013732.42204013
1400,252456017.89287272,255655638.53437096,252639774.25795642
1401,253065738.09008393,256006250.0343197,253257046.5965393
1402,253664474.82795542,256340749.34597373,253863633.37274727
1403,254254564.7038939,256661601.6745367,254463328.80691248
1404,254836024.8799615,256968953.21098432,255052909.1954497
1405,255406536.46887392,257260614.52792358,255631826.6483643
1406,255966105.4715039,257536721.5272234,256200164.38103944
1407,256514737.2390917,257797409.91261426,256759844.61513963
1408,257054781.8947132,258045160.62180427,257309582.4468911
1409,257581555.83662534,258275421.3407257,257847224.66273662
1410,258099756.53110743,258493021.3075284,258374076.46627548
1411,258604685.54808414,258693394.35959858,258889059.0813911
1412,259098693.3376628,258879023.7217337,259393331.82111576
1413,259579418.61083737,259047681.39871857,259885960.73324913
1414,260049216.79807708,259201856.6460167,260366362.14508536
1415,260505718.16982278,259339314.10259423,260836167.46201003
1416,260951283.02321297,259462548.99019316,261293135.61740005
1417,261383533.054911,259569318.49891976,261735787.77916682
1418,261804833.31404126,259662123.7531497,262165638.1893076
1419,262212796.78976765,259738714.41227844,262583601.70333308
1420,262607407.583364,259799211.85615945,262986978.76433834
1421,262988648.7085428,259843736.99899158,263376665.57161853
1422,263356502.0609302,259872410.2725365,263752030.36922106
1423,263713344.0600615,259887747.28203505,264113676.85378176
1424,264054366.29782712,259885079.46874577,264461319.1995936
1425,264381939.44348463,259866918.02921528,264794128.11746284
1426,264696040.62252232,259833381.3085591,265113366.932785
1427,264994236.54126665,259782177.93963987,265418048.13119444
1428,265278904.17033464,259715827.54123613,265707106.88828442
1429,265550016.75283942,259634446.7411057,265980676.73117405
1430,265807546.18713117,259538151.57371712,266239912.33660564
1431,266049040.32670915,259424634.79528055,266484305.44793445
1432,266276884.20905086,259296427.12781623,266713158.62356934
1433,266488616.09499213,259151213.31388927,266927589.093975
1434,266686624.92325824,258991529.58660328,267125716.5065533
1435,266868439.26405925,258815052.63876075,267308315.22711453
1436,267036451.88266268,258624324.20209688,267474787.1074495
1437,267188181.5695403,258417012.89317617,267626061.65063483
1438,267323578.42439654,258193219.51325527,267761383.83339986
1439,267445040.82889196,257955494.03691697,267881839.08679238
1440,267552525.98805538,257703946.16946474,267986514.5808577
1441,267643532.90375698,257436228.33644262,268076652.46792954
1442,267718005.41581908,257152438.74085113,268150608.7154675
1443,267775885.76417467,256852674.9414651,268208502.55927607
1444,267819581.4561482,256539500.73631853,268250452.78198078
1445,267846571.45935202,256210552.3718471,268277035.5363437
1446,267856793.1662354,255865925.52371687,268289468.84703723
1447,267852659.47149768,255508192.3905466,268284299.5567095
1448,267831634.2110655,255134977.1492154,268263656.93644634
1449,267793649.87375212,254746373.6828712,268227353.77426806
1450,267741124.7177155,254344962.71374607,268173664.26237327
1451,267673998.09248948,253930833.34098762,268104841.90181917
1452,267589712.86531132,253501523.9294798,268021001.3190947
1453,267488194.0955591,253057041.93566337,267922109.13090855
1454,267371866.3453248,252599894.99622342,267806111.8146013
1455,267240661.70116907,252130098.9653821,267675361.15009516
1456,267094510.62159237,251647668.77788138,267527638.38599473
1457,266933341.94132414,251152618.46875417,267365392.22452408
1458,266754567.94976577,250642446.2672124,267186169.77118784
1459,266560622.2770386,250119672.49809772,266992689.0754484
1460,266351428.9127943,249584308.6160459,266782678.2844268
1461,266126910.24737865,249036365.2619507,266556186.4147605
1462,265886987.07948872,248475852.2858615,266315630.61259484
1463,265631578.62433225,247902778.77031595,266061248.6182779
1464,265360602.52223313,247317153.05404806,265790902.74552286
1465,265073974.8476279,246718982.75600937,265504479.5235707
1466,264774152.70988896,246110817.3911329,265202074.9209293
1467,264458513.42598292,245490127.55784315,264885917.85362884
1468,264129517.96824703,244859468.40058932,264554348.12033227
1469,263784533.66628075,244216302.32639235,264207088.07816735
1470,263423468.92438594,243560633.7368343,263846252.48762718
1471,263051350.558144,242897586.37907156,263470414.1989854
1472,262662977.97390747,242222057.5396452,263079171.3834978
1473,262258255.1020926,241534049.99196765,262674523.7697783
1474,261842225.2133612,240838706.82656997,262257138.74411818
1475,261409662.43375158,240130902.98016196,261825230.6567333
1476,260965621.08476385,239415794.5895068,261378151.7146916
1477,260507439.35009804,238690822.67180228,260917663.79265824
1478,260035024.40203494,237955998.26455188,260444524.84885657
1479,259550869.87376326,237213919.9112261,259958749.83393058
1480,259052299.25979096,236462017.07484418,259460352.8223857
1481,258541810.41523853,235702894.65027073,258947746.13927183
1482,258016717.08388934,234933974.5050946,258421584.43831792
1483,257479521.39333004,234157867.98742056,257882830.99948508
1484,256932738.14959848,233377200.23298323,257331496.58477455
1485,256371068.16508508,232586783.50532603,256767591.18244752
1486,255799632.4972117,231791851.4465627,256191124.0290333
1487,255213115.27854735,230987201.9193767,255602103.63170952
1488,254616649.00758153,230178082.30947325,255000537.79100144
1489,254010147.10211968,229364522.09044424,254387720.54617202
1490,253389581.97315517,228542610.90889505,253763671.2623799
1491,252758793.68257916,227716307.25318956,253128310.1999275
1492,252117165.16432986,226885113.68541113,252481821.49464083
1493,251464866.41984603,226049321.04739717,251822830.46376735
1494,250801803.58019963,225208957.53322047,251153515.4057513
1495,250128410.39698526,224364580.1901877,250474739.07381958
1496,249444857.48781034,223516484.17419565,249783484.92573822
1497,248751580.8290178,222665231.2520721,249081687.29658616
1498,248048487.1137676,221810855.16902235,248370712.8743418
1499,247336013.5503306,220953921.4560314,247649049.84439793
1500,246614332.86741886,220094732.44404113,246919246.9137821
1501,245883617.96523687,219233563.14810264,246179585.70079368
1502,245144575.31796014,218371108.04499438,245430838.60944766
1503,244396845.44500887,217506967.3414934,244674124.00808907
1504,243640869.20508242,216641541.97350588,243908268.50408694
1505,242877089.26317635,215775235.07902378,243134561.68894428
1506,242105413.4779206,214907915.39111635,242351657.32023582
1507,241326017.38830504,214039719.7300163,241562126.502395
1508,240539346.01803958,213171054.81254426,240767014.96728587
1509,239745576.90782002,212302060.2891403,239963099.8246284
1510,238944888.10351613,211432876.73651308,239153816.44419363
1511,238137458.18282282,210563645.68844423,238335592.50516582
1512,237324277.66318652,209695321.04755718,237512902.73325238
1513,236504987.85369942,208827507.94073927,236685322.31695956
1514,235680312.52462408,207960894.39187482,235849783.69764274
1515,234850707.42716455,207095900.844504,235009811.84501904
1516,234016086.64466026,206232406.51557907,234164969.82161868
1517,233176908.0451123,205370834.85022536,233315530.51401934
1518,232333631.68089134,204511611.92335257,232461539.50932196
1519,231486173.88634077,203654620.5388287,231603540.0721111
1520,230634997.03577888,202800289.98871553,230741822.8088961
1521,229780292.10790402,201948778.61856994,229876944.40194288
1522,228922250.97326586,201100246.1154703,229008942.66645703
1523,228061066.43119413,200254853.5451577,228138374.72914502
1524,227197207.01610604,199413038.1582123,227265541.8651173
1525,226330868.5799677,198574964.9720377,226390715.37423766
1526,225462523.50953507,197741075.98727822,225514558.1660144
1527,224592095.0172141,196911264.47750825,224636747.18361634
1528,223720058.42009005,196085976.26674253,223757612.34532508
1529,222846891.644791,195265660.23243123,222877549.87849018
1530,221972521.39848816,194450214.4742449,221996491.08860743
1531,221097428.7829788,193640091.92559224,221114535.85573694
1532,220221542.31516165,192835193.37118402,220232044.8367958
1533,219345624.45810622,192036253.97484362,219349198.61663976
1534,218469606.78866044,191243178.44350994,218466135.27547795
1535,217593699.5915257,190456150.61736456,217582993.81418455
1536,216718393.71351987,189675635.31980485,216700540.9847011
1537,215843344.52188814,188901262.31112444,215818694.9139739
1538,214969605.1999935,188134059.57923633,214937868.51587433
1539,214097114.0585051,187373940.6455598,214058544.78532186
1540,213226090.13209462,186621100.15608355,213180754.39863795
1541,212356754.10727927,185875734.80324787,212304754.62969786
1542,211489890.95223853,185138605.9494765,211430963.68097442
1543,210625163.64139652,184409353.3451549,210559442.90037158
1544,209763362.09975377,183688744.0660408,209690427.9196865
1545,208904151.41557097,182976420.71871763,208824171.37583235
1546,208048326.62096637,182273156.21365416,207960829.81582853
1547,207196121.3061681,181579162.3716191,207100561.10675067
1548,206347203.99902993,180894086.29506296,206243682.97014943
1549,205502377.66306496,180218709.85772842,205390472.82159528
1550,204661597.51000518,179552967.5085017,204541243.70109043
1551,203825103.82724383,178897063.0335006,203696140.60019347
1552,202993138.70854685,178251137.94278812,202855341.28176716
1553,202166231.58441728,177615604.87009135,202019285.70918438
1554,201344058.39192888,176990022.74704924,201188151.48879364
1555,200527152.43296155,176374807.65060943,200362095.17103988
1556,199715764.217452,175770092.63519275,199541315.69317716
1557,198910146.44581443,175176012.7037876,198726074.4121607
1558,198110554.03595236,174592704.823401,197916750.6392053
1559,197317244.14948016,174020307.93949088,197113361.64848864
1560,196530188.31827247,173458675.09050483,196316195.3844848
1561,195749647.15966314,172907948.11085385,195525404.21006006
1562,194976172.24475083,172368559.48678216,194741111.57594475
1563,194209451.94190738,171840078.18723795,193963958.03082523
1564,193450331.53168237,171323229.76594263,193193947.4093413
1565,192698502.65086126,170817585.79242232,192431271.7683801
1566,191954526.7323299,170323587.27866057,191676284.6638557
1567,191218097.65358514,169840807.31421635,190929435.14802608
1568,190489781.34811592,169369690.6640385,190190651.84849474
1569,189769856.4681969,168910394.41752207,189460425.30752358
1570,189058020.95006168,168462494.53978002,188738650.88870385
1571,188355140.15048763,168026733.99416628,188025975.35655633
1572,187660623.20143995,167602399.08270207,187322502.12540293
1573,186975048.17578763,167189944.59742305,186628076.512572
1574,186298704.1028304,166789535.82138947,185943337.63984326
1575,185631589.12669498,166401046.67242295,185268257.94542268
1576,184973702.49392137,166024351.67589247,184603030.35539258
1577,184325632.9804693,165659914.37678427,183947822.3641545
1578,183687384.32270446,165307612.75561866,183302964.60058585
1579,183059256.36064595,164967620.35649714,182668084.86108243
1580,182440960.9436973,164639522.17750636,182043576.65509892
1581,181833096.70842907,164323789.4330487,181429570.9386499
1582,181235674.3338458,164020304.79353592,180826200.55318758
1583,180648705.71460387,163728951.54291338,180233600.24029776
1584,180072203.9765091,163449613.57834852,179652030.71371758
1585,179506183.4921048,163182175.40989408,179081306.40782374
1586,178951255.0411123,162927117.30489287,178521482.72628707
1587,178407139.84058043,162684029.30198112,177972982.19969246
1588,177873857.22567183,162452798.87562206,177435403.37278187
1589,177351726.54189855,162233612.81198418,176909410.9099717
1590,176840770.89141092,162026360.93877017,176394651.10370415
1591,176341014.7215295,161830933.69719073,175891492.56292158
1592,175852783.66837373,161647521.9689375,175399594.64506838
1593,175375805.84419015,161475718.3467633,174919301.03915778
1594,174910410.4108824,161315715.6911734,174450801.87275633
1595,174456628.49088806,161167408.02437723,173993761.61810416
1596,174014191.29882067,161030388.6449229,173548728.34633076
1597,173583735.12194195,160905155.09108278,173115251.89816833
1598,173164994.45564342,160791302.25917408,172693558.6043669
1599,172757703.75977084,160688424.14265314,172283870.4927462
1600,172362808.86125585,160597325.21745175,171886128.19641075
1601,171979442.39594284,160517006.8298886,171500208.2046406
1602,171607948.86675698,160447725.2373096,171126416.59544298
1603,171248371.96330425,160389446.2118905,170764791.87231284
1604,170900756.92798823,160342136.45369935,170415419.9175419
1605,170565150.56945252,160305763.58712336,170078071.1148101
1606,170241296.15315554,160279991.03440246,169752925.6938779
1607,169929548.02046484,160265092.61766422,169440065.96627712
1608,169629651.87004247,160260732.8232397,169139376.961272
1609,169341659.75520155,160266881.7819502,168850744.30071366
1610,169065625.3512664,160283510.51940444,168574054.1987363
1611,168801603.96458405,160310590.9479653,168309540.03982943
1612,168549652.54059148,160348095.8577995,168057170.25031605
1613,168309521.88379326,160395691.11987457,167816705.2004697
1614,168081271.09306562,160453350.1043305,167588193.9190586
1615,167864960.92296663,160521047.02491617,167371666.5525988
1616,167660653.78751546,160598756.92596424,167167015.08569875
1617,167468104.44774482,160686146.3532204,166974277.37547323
1618,167287377.49542513,160783190.8209364,166793361.0190477
1619,167118229.10402492,160889556.54630375,166624136.67126545
1620,166960726.03927246,161005219.44360358,166466663.83248535
1621,166814936.72399515,161130156.17276266,166320712.19174477
1622,166680620.00403887,161264032.88912794,166186246.2701303
1623,166557846.45247778,161406826.53168288,166063406.27834913
1624,166446376.28466928,161558202.72227204,165951793.50572416
1625,166346282.19388828,161718138.58557934,165851437.41995838
1626,166257638.4954335,161886611.87776428,165762519.94567627
1627,166179894.81324473,162062974.65780693,165684462.55290493
1628,166113439.90080544,162247517.09334654,165617428.59335354
1629,166058037.7931112,162439903.59780523,165561384.69491205
1630,166013452.55461797,162639797.56372145,165516298.38170493
1631,165979762.95404646,162847176.02317986,165482059.82506147
1632,165956734.2176795,163061701.3869832,165458484.6214886
1633,165944131.54559916,163283034.94702375,165445705.67847416
1634,165942351.79250413,163511468.5435025,165443456.49367166
1635,165950846.1231923,163746347.2070897,165451707.88269773
1636,165969380.68938547,163987329.8227123,165470431.52499232
1637,165998355.55007228,164234708.03714976,165499599.95604065
1638,166037221.525263,164487823.1003411,165539142.7195726
1639,166086063.29371268,164746648.95096305,165588770.0169054
1640,166144648.7192713,165010841.53094625,165648455.7694564
1641,166212745.4481613,165280055.37123194,165718174.713183
1642,166290439.831658,165554262.50325134,165797878.4758951
1643,166377500.16238925,165833115.68434614,165887257.9811269
1644,166474014.15970924,166116585.87258872,165986275.32778242
1645,166579430.53557867,166404003.7824364,166094611.07449758
1646,166693837.09893656,166695337.97920683,166212241.55907112
1647,166817001.93237346,166990236.04618624,166339182.03036028
1648,166948692.70141736,167288343.88468072,166475169.59119922
1649,167088998.29966184,167589627.35024253,166620071.43944392
1650,167237364.5747958,167893407.97012818,166773560.05358088
1651,167393880.37602466,168199675.2079321,166935606.5917254
1652,167558636.20897555,168508524.0410949,167106189.17379385
1653,167730754.02975634,168819106.516303,167284703.8462214
1654,167910970.2187097,169132188.5551635,167471370.882443
1655,168098405.1373742,169446919.5053812,167665913.9139685
1656,168292824.19377893,169763093.200589,167868002.04448822
1657,168494641.72756127,170081151.84031773,168077575.5895582
1658,168703298.9292215,170400563.90441668,168294344.94291174
1659,168918885.8680962,170721446.1765021,168517977.20366773
1660,169140841.47035065,171043263.71773225,168748653.9077992
1661,169369255.0561784,171366131.40009153,168985904.7907731
1662,169603563.18049523,171689510.74346897,169229331.67462903
1663,169844181.46951276,172013841.748912,169479084.57092217
1664,170090545.1839189,172338583.45877978,169734736.65599462
1665,170342415.0756902,172663519.81081697,169996104.88303083
1666,170599550.99158075,172988433.2391907,170262935.2250084
1667,170862040.5828395,173313433.38203862,170534888.3512766
1668,171129642.9975688,173638300.7719391,170811842.23069543
1669,171401786.88666263,173962484.84023848,171093555.65956146
1670,171678558.1591519,174286091.67106232,171379894.96409693
1671,171959712.97024563,174608896.98829618,171670423.91839412
1672,172245006.43246588,174930674.86593375,171964880.09223214
1673,172534192.5932868,175251197.70520115,172263038.6602768
1674,172827355.9122838,175570567.71146277,172564552.06518948
1675,173123917.53276134,175888223.16587758,172869254.94916323
1676,173423960.46599793,176204263.6099451,173176755.9835792
1677,173727235.46694636,176518455.72177818,173486747.91885027
1678,174033825.20040643,176830897.48312378,173799275.5429093
1679,174342812.27508262,177140686.21454343,174113954.82107496
1680,174654276.54022503,177447915.87345523,174430742.7141841
1681,174968632.46617782,177753014.43636355,174749626.62066215
1682,175284623.0646712,178054737.82111531,175070064.79641974
1683,175602660.64510596,178353510.64543566,175392140.51780564
1684,175922488.44307312,178649087.85798854,175715874.976763
1685,176243848.35377127,178941222.4746283,176041010.3250806
1686,176566480.9062115,179229665.55573788,176367405.76787436
1687,176890125.23677462,179514166.18322057,176694779.53139004
1688,177214856.12780723,179794808.5028379,177023009.5921505
1689,177540411.04641306,180071338.76705408,177351902.37636158
1690,177866188.12019348,180343163.31514552,177681569.74198386
1691,178192258.9022789,180610361.3429222,178011580.6592056
1692,178518695.0103231,180873011.54673713,178341722.19704542
1693,178844550.90310624,181130174.9054351,178671871.42229605
1694,179170573.56668168,181382604.37217855,179002049.95690227
1695,179495473.96781316,181629016.33390415,179331960.63022235
1696,179819998.20442078,181870161.7681292,179661212.58039996
1697,180143532.81664786,182105431.5607264,179989839.74812436
1698,180465461.0092757,182334212.7353959,180317621.23837754
1699,180786187.02901292,182556912.83836415,180644334.5554652
1700,181105432.78662163,182773256.56827527,180969810.01483
1701,181422918.4024592,182982982.42586264,181294049.92352796
1702,181738362.31322983,183185891.2686077,181616588.8854898
1703,182051824.17183474,183382141.19666,181937486.39859203
1704,182363019.80755603,183571546.46469483,182256545.81271562
1705,182672006.94792026,183754263.21400073,182573780.6503024
1706,182978154.3247711,183929758.5891329,182888369.41315627
1707,183281516.3773506,184098185.45193073,183200421.27569625
1708,183581801.9547932,184259351.09529996,183510300.39861256
1709,183879408.76443002,184413751.7031542,183816812.69845268
1710,184173351.93673933,184560500.92734686,184120374.85542995
1711,184464026.38686445,184700092.26151034,184420689.7420116
1712,184750787.8558514,184831980.0949474,184717557.98081827
1713,185033682.40464365,184956309.21960703,185010739.61375964
1714,185312755.37334552,185073223.80264804,185299987.91468197
1715,185587703.4134978,185182519.43232518,185585375.1498026
1716,185858569.09854755,185284337.7423724,185866667.85470203
1717,186124696.68642536,185378122.18878436,186143303.94026387
1718,186386124.6215252,185464010.56628406,186415307.30994022
1719,186643240.00519624,185542489.49357218,186682755.3918052
1720,186895030.78304815,185612646.6156493,186944839.58566338
1721,187142230.9043607,185675315.77849054,187202081.81230813
1722,187384173.47216132,185729930.19462138,187453516.0073169
1723,187620538.49186283,185776270.2074766,187699551.52151066
1724,187852058.0604736,185815168.49653825,187939831.55722195
1725,188077706.4573183,185845700.18417996,188173754.051941
1726,188297509.18350708,185867991.89143917,188401504.74147457
1727,188511843.4233998,185882522.2159507,188622967.90112337
1728,188720027.16533387,185888710.86929622,188837882.9999358
1729,188922081.21846497,185886680.71060336,189046037.99647796
1730,189118025.19314355,185876553.74380422,189247489.7752838
1731,189307523.03025335,185858096.66396514,189442156.14961478
1732,189490590.6594406,185831428.532601,189630085.16519007
1733,189666887.4871495,185796312.28287762,189810976.62330195
1734,189836425.69486633,185752864.03508928,189984746.88901785
1735,189998860.0918056,185700842.96663332,190151329.97058275
1736,190154912.0590965,185641075.27352503,190310956.31671527
1737,190303877.3083974,185572961.94637075,190463293.56707963
1738,190445761.60088366,185496614.5067302,190608266.26713192
1739,190580569.37674308,185412143.65399286,190745777.0576565
1740,190708303.7485146,185319659.2760923,190875665.23352423
1741,190828966.4955345,185219270.46131265,190998072.8438553
1742,190942199.08951735,185110726.5412067,191112963.23906258
1743,191047999.39442047,184994133.80776286,191220306.85785398
1744,191146004.13446137,184869237.99868613,191319908.38098142
1745,191236927.6573308,184736863.07782492,191411541.9052227
1746,191319683.16446212,184596032.48260093,191495498.72951746
1747,191394621.68481025,184447208.1148888,191571655.35620037
1748,191462094.54915893,184290852.83235848,191639837.53972518
1749,191521005.95379463,184125983.0291162,191700308.19631425
1750,191572427.42414442,183953783.11623725,191752642.32390916
1751,191615620.56971142,183773620.27511644,191797008.16789138
1752,191650931.26224428,183585914.52389887,191833611.4446872
1753,191678342.0712041,183390715.09646326,191861892.27772728
1754,191697470.29000884,183187706.48504242,191882086.50596362
1755,191708294.55510294,182976935.0754879,191894347.12978595
1756,191711156.92127723,182758811.2387071,191898302.93518353
1757,191705669.4101004,182533015.8951346,191894074.50637525
1758,191691806.63410097,182299593.1548787,191881692.58722454
1759,191669541.86667603,182058586.40352145,191861010.46663257
1760,191639213.4673604,181810404.74320614,191832067.39105305
1761,191600426.44145915,181554724.5680201,191794701.6359284
1762,191553150.04879525,181291587.18842468,191748961.0049299
1763,191497719.88531667,181021400.92848107,191694789.70397207
1764,191433735.69332653,180743838.95163676,191632781.6291422
1765,191361899.73351136,180459677.64825046,191562445.08325776
1766,191281809.48609287,180168589.35218453,191483889.63207665
1767,191193428.76330906,179870613.46867043,191397224.04771626
1768,191097089.79488972,179566158.5751168,191302556.31893155
1769,190992754.95559943,179255264.1639323,191199967.82334355
1770,190880385.2709836,178937969.16350198,191089231.9019241
1771,190759940.41397715,178614311.94997546,190970438.86643386
1772,190631378.70126465,178284330.35875762,190843363.5845644
1773,190495028.9454994,177948433.55180675,190708804.0622247
1774,190350475.72210586,177606287.29946545,190565717.40163273
1775,190198418.6466928,177258673.27284813,190414588.99659842
1776,190038066.86162052,176904883.54532614,190255927.37835184
1777,189870118.91595143,176545700.4873378,190088778.93978435
1778,189694527.43068904,176181161.44642118,189914252.5361345
1779,189510869.26987892,175810928.9330419,189731802.32273158
1780,189319842.62208322,175435787.71671814,189541779.84230465
1781,189121022.001654,175055399.841864,189344261.2003223
1782,188914730.12959957,174670176.52313596,189138969.3178801
1783,188700913.9614376,174280154.18766913,188925910.95024973
1784,188479895.5457819,173885745.34793988,188705444.63165784
1785,188251243.41874334,173486610.01032597,188477358.66807052
1786,188015655.02166563,173083538.1068736,188241639.66425312
1787,187773074.2880435,172676567.09610766,187998330.39754784
1788,187523065.59601194,172265355.9292609,187747764.08153382
1789,187266326.0405457,171850697.33604938,187489772.83125034
1790,187002796.6891644,171432629.0937747,187224316.4208793
1791,186732037.8006181,171010809.2592147,186951709.0984837
1792,186454746.17910367,170586033.5358381,186671816.2739778
1793,186170860.0887107,170158340.20102656,186385103.07712546
1794,185879935.7409708,169727386.60616374,186091563.86366233
1795,185582669.74008223,169293971.63414603,185791126.12710032
1796,185278616.08229178,168857752.71078333,185484073.754677
1797,184968471.7326763,168419531.39331487,185170569.46706983
1798,184651788.53437066,167978965.29107177,184850651.73533
1799,184329263.88439098,167536858.75242,184524358.492463
1800,184000447.5470512,167092869.68896565,184191727.14445493
1801,183666037.3203982,166647782.54568028,183853011.19851077
1802,183325964.52136096,166201525.47414812,183508192.09619898
1803,182980159.1771733,165754003.3005581,183157554.80244845
1804,182628935.1337309,165305505.29890433,182801073.13586047
1805,182272606.81979516,164856321.9632691,182438821.86332932
1806,181911103.4538557,164406359.2223511,182071197.1071145
1807,181544353.18967134,163955522.59224698,181698053.8922104
1808,181172669.8244598,163504103.89144665,181319586.01528275
1809,180795980.7573086,163052009.2056049,180936057.61576992
1810,180414599.95139983,162599531.85567307,180547462.84575155
1811,180028454.184319,162146578.65365422,180154048.86380506
1812,179637857.72297555,161693444.58250287,179756003.14344493
1813,179242736.8635377,161240037.34056675,179353440.17590445
1814,178843406.32054406,160786653.73472893,178946444.40793577
1815,178440181.7313462,160333592.18840235,178535526.04028422
1816,178032989.58812332,159880762.67661572,178120593.94245172
1817,177622146.20103335,159428465.6917556,177701677.53267008
1818,177207577.952106,158976612.49957114,177279325.7896898
1819,176789601.97624364,158525505.82180974,176853466.04654825
1820,176368144.69663298,158075058.37278932,176424072.48433807
1821,175943524.2250621,157625575.26040867,175991733.27278137
1822,175516059.86446643,157177363.4889228,175556394.50526723
1823,175085285.9094055,156729945.75919452,175117974.94308192
1824,174651521.57223934,156283630.39419845,174677023.1183057
1825,174215481.34934664,155839121.70412806,174233421.1757715
1826,173776699.5626322,155395944.52636567,173787757.02820688
1827,173335498.14588818,154954412.00988832,173339876.14567953
1828,172892200.44233346,154514839.4104479,172890406.096418
1829,172447131.23930454,154077544.12251106,172439152.74350446
1830,171999824.51618263,153642053.42405593,171986793.34944022
1831,171551398.6033029,153209479.63198695,171533255.0656459
1832,171101388.8001948,152779352.71653014,171078474.07028428
1833,170650123.3980132,152351996.3194832,170622734.93290967
1834,170197534.41296437,151927338.48313951,170166306.08378926
1835,169743952.0660202,151505706.1251947,169709094.9935492
1836,169289708.23511663,151087428.4858462,169251013.50238982
1837,168834338.12522396,150672038.7924888,168792352.5973898
1838,168378574.01412997,150260267.9998617,168333023.2397613
1839,167921951.50770926,149851651.03943524,167873309.8056415
1840,167465205.93870294,149446923.21207446,167413122.1860148
1841,167008274.3233786,149046022.1383644,166952742.59327167
1842,166551093.73885253,148648886.1293908,166492094.43136612
1843,166094404.92192686,148256257.77884126,166031448.9914075
1844,165637745.51969323,147867677.2066911,165571099.62978512
1845,165181456.8783048,147483488.84088406,165110991.04494077
1846,164725882.22630313,147104039.59340635,164651378.96700853
1847,164271366.69413605,146729678.87239715,164192222.12967733
1848,163817045.41694525,146359546.67738232,163733765.58962587
1849,163364072.26984745,145994802.32686207,163275982.32128787
1850,162911987.19459584,145634991.77714416,162819106.80193073
1851,162461139.09151617,145280455.4067156,162363440.59575117
1852,162011878.51403815,144931475.2733517,161908670.9697769
1853,161563745.6176524,144587508.12502655,161454931.4151437
1854,161117498.87291703,144249229.171056,161002822.55604452
1855,160673086.47131312,143916503.47895998,160552170.39138043
1856,160230864.38696924,143589604.02706704,160103074.01088092
1857,159790374.84277645,143267990.1613782,159655842.8529405
1858,159352383.71051028,142952344.98630303,159210788.4164162
1859,158916434.3538785,142642129.19818085,158767693.8232872
1860,158483705.69332153,142338439.140409,158327129.5982356
1861,158052924.2818667,142039918.8694707,157889181.7752115
1862,157625272.49657613,141747668.33639625,157453880.69780514
1863,157200706.77263206,141461561.61069128,157021305.57765976
1864,156779184.00718513,141181473.27384856,156591620.20434886
1865,156360661.58101007,140907278.4304788,156165147.41187492
1866,155945097.38090318,140638852.71998313,155741768.86751047
1867,155533274.46148416,140376896.9674205,155321671.26140696
1868,155125154.44192073,140121290.56907648,154904948.13624638
1869,154720286.3189449,139871500.29409242,154491750.150971
1870,154319458.86181763,139628232.66779968,154082409.3906862
1871,153922636.83442503,139391370.18193212,153676864.84399492
1872,153529371.1304472,139160381.4176472,153275423.91573837
1873,153140456.47835758,138935978.73810354,152878286.21865395
1874,152755445.61670604,138717632.45103833,152485341.35660258
1875,152375137.83384603,138506059.3354965,152096929.0789725
1876,151999087.82963416,138300731.49023166,151713391.54346767
1877,151627682.82636073,138101953.43103015,151334617.46173328
1878,151260895.4634461,137909614.97148672,150960487.74485144
1879,150898699.2430858,137723606.6544101,150591588.24004
1880,150541068.55984968,137543819.76685968,150227732.41861942
1881,150188815.7793414,137370983.40391663,149869236.90028915
1882,149841500.87004778,137204574.0853185,149516135.8773181
1883,149499102.4178766,137044486.75445545,149168234.30980235
1884,149161600.0199197,136890617.1562673,148825983.90530756
1885,148829394.6190119,136743282.15561482,148489352.24415308
1886,148502890.00966346,136602801.22670835,148158421.05034214
1887,148181229.27364904,136468232.87188283,147832919.57094443
1888,147865239.6244447,136340319.4489191,147513278.8740465
1889,147554486.72346342,136218541.46987224,147199264.0795871
1890,147249380.69681218,136103223.60014066,146891550.32716364
1891,146949911.67279127,135994270.1780105,146589167.78100482
1892,146656494.43562868,135892009.8501826,146293036.65139613
1893,146368699.0449513,135795926.17279965,146003033.15881005
1894,146086519.36449718,135705926.12149617,145719034.0195703
1895,145810375.31959116,135622342.3300117,145440916.45648527
1896,145540264.7080492,135545084.8820543,145168613.18059653
1897,145276186.64947826,135474064.74140134,144902772.06956834
1898,145018141.60058695,135409193.74787676,144643260.45477548
1899,144766131.36903226,135350384.61175296,144389576.0035662
1900,144520586.14578214,135297977.9265822,144142412.32409653
1901,144280656.98836595,135251040.33902743,143901757.62301967
1902,144047204.83088428,135210370.7057896,143666984.81425628
1903,143819810.59477323,135175493.15034908,143438785.38759717
1904,143598912.44108072,135146788.60163736,143216656.8259716
1905,143384093.19794443,135123782.20213038,143001265.24747598
1906,143175794.74161595,135106857.66955984,142792150.54879734
1907,142973601.81940365,135095541.10064083,142589559.14979544
1908,142777529.40880877,135089788.31111783,142393415.90044603
1909,142588456.04523623,135090418.14453486,142203613.1025907
1910,142405539.18254364,135096527.8140197,142020043.7759563
1911,142228798.02195764,135108075.71263513,141843316.8599017
1912,142058685.59424773,135125453.47721034,141673099.56936163
1913,141894792.37015238,135148189.58066997,141509220.98307618
1914,141737141.73380193,135176244.78762713,141351578.44499472
1915,141586192.23684752,135210014.3909667,141200401.77993402
1916,141441537.13440365,135249027.73054814,141056004.6234625
1917,141303203.9262199,135293247.71745667,140917747.1570861
1918,141171221.4649954,135342637.92573354,140785949.99662304
1919,141046055.5468325,135397598.16659322,140660429.68474162
1920,140926866.95099062,135457222.51230133,140541272.72059757
1921,140814123.6719166,135521911.5126967,140428507.8081154
1922,140707859.86578178,135591631.1265972,140322327.30571693
1923,140607673.56753734,135665910.42410454,140222497.73587337
1924,140514475.89683554,135745590.7781603,140128783.24370313
1925,140426991.244685,135829326.03722054,140041358.87207857
1926,140345694.934432,135917520.17264244,139960294.07210374
1927,140271065.35811585,136010579.40182695,139885500.95100245
1928,140202264.88129124,136107593.08020526,139816892.46447903
1929,140139773.90014508,136208967.7458915,139754382.4120163
1930,140083635.23983943,136314671.50592333,139698117.99296346
1931,140033451.86284003,136424231.73284099,139647761.12091523
1932,139988826.09514585,136537174.27950808,139603280.83647132
1933,139950685.54805794,136654349.38979903,139564830.8643318
1934,139918192.91692328,136774841.48657534,139532353.990282
1935,139891837.07663622,136899060.25671637,139505828.50997022
1936,139871223.18034694,137026530.73963842,139485171.07311213
1937,139856399.49931327,137157220.15722054,139470389.82224125
1938,139847415.43631318,137291095.91753557,139461196.7138212
1939,139843876.79210776,137427680.87185866,139457891.7364032
1940,139845833.83265182,137566941.3726301,139460623.13982007
1941,139853337.93098024,137708843.90628213,139468817.72045362
1942,139866441.56017143,137853355.0773111,139482585.7950284
1943,139885198.2865639,138000441.59275353,139502025.30036685
1944,139908768.72026232,138149176.2040816,139526809.32756892
1945,139937653.3165073,138299970.5000768,139557029.73456663
1946,139971907.50067285,138452790.02342734,139592829.452119
1947,140011139.3624718,138607151.9566133,139633861.6355023
1948,140055405.07152152,138763020.52921796,139680089.9841889
1949,140104312.5261311,138919910.65851218,139731581.20465696
1950,140157918.61007598,139077785.198066,139788442.90836218
1951,140216731.5876802,139237076.74823958,139850048.63219953
1952,140279910.86929536,139396945.84346795,139916711.4135371
1953,140347515.63277373,139557471.574042,139988323.57254595
1954,140419606.07128322,139718733.44269624,140064623.50330624
1955,140496243.38473657,139880811.34856728,140146138.36713094
1956,140577037.2147678,140043333.01470575,140231756.02884516
1957,140662049.35836935,140206377.6942577,140321874.02569693
1958,140751342.5882497,140370024.9833786,140416775.4244894
1959,140844526.69668972,140533900.85766408,140515659.65716758
1960,140941664.98250607,140698084.15171593,140618902.0622691
1961,141042821.68207496,140862653.98280662,140726453.83896366
1962,141147151.28363842,141026779.05787686,140837850.13740903
1963,141255628.67049015,141191447.80948046,140952633.92738464
1964,141367408.27314994,141355827.5408015,141071688.34607205
1965,141482098.4093461,141519538.75858274,141194081.89689246
1966,141600677.97313052,141683571.85531193,141320197.2142384
1967,141722299.777139,141847090.4447006,141449575.4559212
1968,141846571.8516867,142009712.6541706,141582173.06948325
1969,141974476.92622882,142172430.5999042,141717958.00182948
1970,142104706.9463347,142333944.89763245,141856486.92403305
1971,142237787.0991862,142494788.68220234,141997693.6873932
1972,142373785.16761854,142655036.9559688,142141545.3269804
1973,142511848.7198455,142813843.7731833,142288008.993364
1974,142652505.02178448,142971742.14732534,142437051.9378164
1975,142795822.45675397,143128805.46617854,142587887.28453296
1976,142940946.30794153,143284183.27008042,142740710.78263378
1977,143087943.34651998,143437945.8362526,142895565.45917296
1978,143236880.89279503,143590163.23662448,143052061.13262963
1979,143387363.52710414,143740442.04589838,143210070.9641783
1980,143539921.89814422,143889314.14756045,143369217.37778136
1981,143693696.39713424,144035920.40627033,143529357.3876204
1982,143849218.08132333,144180791.59016404,143690797.1186465
1983,144006090.00641957,144323529.70266828,143853054.8400916
1984,144163913.7085844,144463734.46449107,144015945.08861643
1985,144323221.31137905,144601935.4211952,144179545.9245948
1986,144483147.48218274,144737263.90088883,144343935.79687837
1987,144644224.4175016,144870248.00146654,144508900.30703738
1988,144806051.45253518,145000482.20277974,144674358.5443404
1989,144968226.229274,145127558.53801614,144840388.65997496
1990,145131281.5041297,145252003.40529633,145006797.20715943
1991,145294814.25131884,145373406.67571145,145173480.24637872
1992,145458419.64921355,145491355.68501267,145340515.46628782
1993,145621691.04583207,145605435.20512322,145507479.84793854
1994,145785630.84288737,145716638.3348832,145674527.25806355
1995,145948891.31590804,145823607.3275316,145841687.30124334
1996,146112475.28655395,145927334.2710347,146008368.2245621
1997,146275502.3930442,146026927.36716154,146174861.0952819
1998,146437560.58854088,146121962.4391324,146341283.84642202
1999,146599653.80498555,146213430.60531208,146507019.5263606
2000,146760423.8968589,146299960.23339668,146672291.6730863
2001,146920874.96444482,146382555.41197854,146837114.17528272
2002,147080118.50850755,146460383.64174327,147000948.45122895
2003,147238211.16623077,146533571.3693836,147164141.45020568
2004,147395209.30831286,146602244.48842803,147326425.40780327
2005,147551169.01460525,146666528.32811552,147487457.28098938
2006,147705670.06820288,146726071.66109422,147647605.7913962
2007,147858290.0166478,146780520.778566,147806645.67010078
2008,148009558.0107406,146830473.34333187,147964021.96475482
2009,148159049.9043085,146875573.504047,148119803.72784483
2010,148306817.12900665,146915940.78472054,148273933.29659036
2011,148452432.33445433,146951215.73972112,148426261.3618657
2012,148595944.656448,146981515.23698917,148576976.46625
2013,148736923.4572215,147006476.2133864,148725545.31105268
2014,148875895.28218716,147026692.64657593,148872296.77441496
2015,149012427.5568346,147041799.26707196,149016839.00002593
2016,149146085.28186932,147051428.26850468,149158941.36177015
2017,149277874.66019464,147056652.94966722,149298902.2530082
2018,149406396.69439617,147056141.32697192,149436066.7715765
2019,149532656.94031224,147050965.90286773,149570836.19756183
2020,149655733.59591952,147040271.76941866,149702811.43937582
2021,149776149.81139997,147024648.93288523,149831679.01251847
2022,149893946.4258617,147004205.0647567,149957883.91632172
2023,150008195.4804993,146978079.0290004,150081022.63846257
2024,150119418.22003976,146946858.89735836,150200689.2119571
2025,150227652.09744483,146910648.96764743,150316515.77965978
2026,150331962.84724718,146868581.85043213,150429449.6783444
2027,150432869.6657325,146821243.66227385,150538134.3697351
2028,150530406.47479647,146768735.30238608,150643537.48059547
2029,150624119.5100169,146710670.05323362,150744811.36087885
2030,150714039.77903393,146647146.05117553,150841537.0937932
2031,150800685.44467714,146578748.68159842,150934660.8534161
2032,150883110.62083223,146504599.38654435,151022919.86605692
2033,150961342.5402029,146424792.84400457,151107176.22310758
2034,151035896.98365873,146339912.408588,151186738.08019763
2035,151106311.148479,146249562.990896,151261647.90698123
2036,151172609.78605512,146153837.20619154,151332029.55578348
2037,151234325.9842894,146052336.16762635,151398006.33477208
2038,151291972.59808692,145945640.92745337,151459296.84593344
2039,151345079.98140213,145833350.21971804,151515553.61692286
2040,151393667.89928037,145715552.3829019,151567205.5698369
2041,151437262.45684227,145591842.2995016,151614077.4747938
2042,151476373.3147096,145462798.62208033,151656192.00322378
2043,151511017.40552416,145328507.50047705,151693299.0557424
2044,151540716.50338763,145188560.16204345,151725402.96861687
2045,151565978.7857846,145043534.4845068,151752265.94450554
2046,151586323.05661705,144893019.2301246,151774218.69276795
2047,151601265.15872738,144736600.4695475,151791171.6291605
2048,151611806.30797586,144575349.9274907,151802763.79288822
2049,151617460.73188144,144408852.63325936,151809598.6004226
2050,151618236.73477027,144237187.99810517,151811159.905479
2051,151613643.9633186,144059933.57639894,151807669.71970826
2052,151604185.13874903,143877646.23253804,151798986.2092817
2053,151589366.7244283,143689883.32464364,151785142.08633533
2054,151569191.1412046,143496698.44366798,151766433.8602569
2055,151543659.6683027,143298144.32843354,151742413.34700456
2056,151513272.43127748,143094772.86820042,151713038.85428315
2057,151477028.87755224,142885635.59330115,151678627.802399
2058,151435927.279102,142671783.193411,151638774.55856383
2059,151388962.77696958,142452263.57814652,151593362.59019068
2060,151337133.2096458,142228127.7220235,151542730.3445778
2061,151279429.3731888,141998419.94164437,151486745.85949332
2062,151216848.64079943,141764191.53282368,151425250.78434384
2063,151148377.43105698,141524483.25684163,151358556.74909493
2064,151074508.72876266,141279842.87975612,151286616.94684017
2065,150995736.24156323,141030819.34792116,151208965.33260745
2066,150911039.77486315,140776448.1821952,151125886.87535048
2067,150820910.07790035,140517276.34368104,151037587.04837158
2068,150725838.61474618,140253852.0247241,150943852.8845986
2069,150624798.540818,139985205.64571673,150844606.50916302
2070,150518785.1774116,139712390.35017326,150739776.5068286
2071,150407274.55736247,139434940.57113838,150629628.65466356
2072,150289739.5122961,139152388.13933793,150513912.68378705
2073,150167174.57294673,138865787.20450127,150392578.00115958
2074,150039050.5790849,138574668.86633793,150265484.2046158
2075,149905853.73504326,138279580.25110286,150133079.21798804
2076,149766541.65712097,137979540.579971,149995334.07648864
2077,149622107.85799593,137675605.67429015,149852057.3182346
2078,149472016.28915966,137367302.51866743,149703622.28549752
2079,149316750.20936903,137055178.14982066,149549624.04602936
2080,149156281.89123088,136739269.38325137,149389899.95584503
2081,148990582.3998159,136419612.61157447,149225283.60927075
2082,148819621.59933588,136096243.83048022,149055432.1290697
2083,148643368.16029254,135769198.66467836,148880365.5532375
2084,148461789.56706938,135438512.39374036,148699765.74512783
2085,148275880.52782023,135105248.3796411,148514097.29554895
2086,148084065.05598548,134767900.16527963,148322958.027677
2087,147887336.02345645,134427531.04395375,148126400.59655073
2088,147686173.417162,134084692.33151804,147924493.9580689
2089,147479509.53284577,133738388.57495639,147717753.9230533
2090,147267821.59137073,133389170.18267015,147505251.04392362
2091,147051070.50462326,133037072.20352449,147287974.1693837
2092,146829216.07343635,132682129.53704818,147065023.07484043
2093,146602735.1515857,132324895.10882162,146837441.5495778
2094,146371586.8350197,131965405.07019892,146604319.1325446
2095,146135209.99841475,131603176.34444913,146366627.5487355
2096,145894599.38669854,131239282.72695488,146123518.49476704
2097,145649192.24933696,130873241.52726908,145875434.83169338
2098,145398943.4416095,130505088.67726275,145622916.29094443
2099,145144327.9158043,130135381.22831023,145365159.98373815
2100,144884778.34318262,129763634.97838287,145102533.73529944
2101,144620768.4515269,129390391.70487696,144835576.47405934
2102,144352249.5678575,129015607.26110281,144563554.97963312
2103,144079171.8424016,128639220.91513686,144287178.36297902
2104,143801484.45559475,128261171.6367505,144006258.7271739
2105,143519659.74240035,127881922.22261204,143720336.1688578
2106,143233121.87035796,127500887.974589,143430127.09551567
2107,142942867.40829447,127119057.26813963,143135515.6185972
2108,142647793.57856593,126735319.80371907,142836792.90510955
2109,142349423.23864546,126351191.58707581,142533390.60917047
2110,142046651.33635658,125965561.38280083,142225785.7536098
2111,141740476.37197778,125579422.17442071,141913959.43479332
2112,141430317.1879434,125192187.95182556,141598135.2234898
2113,141116646.0009334,124804326.74089077,141278514.89408672
2114,140798879.01185694,124415251.21086562,140955134.37500417
2115,140478016.92961162,124025959.19547726,140628029.2020667
2116,140153474.88407794,123635863.60327443,140297234.54317552
2117,139825725.45007074,123245435.43899803,139962785.22291395
2118,139494181.2613684,122854086.41516075,139625309.54149598
2119,139159845.5405366,122462819.47961186,139284411.32613927
2120,138821598.40076825,122070515.11536525,138940009.05982068
2121,138480975.79897016,121678710.2919731,138592877.8391512
2122,138136856.01312047,121286284.94151694,138242767.59609267
2123,137789712.00255632,120893714.31791992,137889465.94968215
2124,137440551.73316696,120502009.32159151,137533267.0228899
2125,137087716.0244384,120109514.34638464,137174205.21143875
2126,136732746.80255872,119717775.5331004,136812546.39302438
2127,136375050.9984057,119326204.66838089,136448611.75701475
2128,136015104.25621217,118935282.8948013,136082221.6800299
2129,135652847.6068918,118544957.38614818,135713520.89337188
2130,135287684.9753592,118154638.85722005,135342971.11879244
2131,134920629.2229957,117765347.60929273,134970287.2223471
2132,134551083.89798635,117376495.28396274,134595686.52968293
2133,134179526.41380875,116988568.04562607,134219370.20052707
2134,133805897.17327216,116601515.70996551,133841186.9125977
2135,133430675.37536526,116215827.55566777,133461493.49492855
2136,133053802.24895865,115831455.5633771,133080241.81860726
2137,132674678.55214003,115447811.92061536,132697372.0750111
2138,132294324.74148923,115065929.19692186,132312955.97105142
2139,131912682.70856829,114685762.08643027,131927202.29378133
2140,131529694.10790531,114307265.74209706,131539880.34891942
2141,131145300.37971613,113930395.80475621,131151536.96762332
2142,130759985.46525283,113555651.12481779,130761569.52552417
2143,130373148.76366688,113182446.72542141,130371022.26559605
2144,129985818.619508,112811827.29608628,129979125.81826282
2145,129597394.66707556,112443209.54299441,129586639.72134522
2146,129207819.12956908,112076553.49376969,129193115.35863025
2147,128817579.375694,111712365.05932577,128798902.34091611
2148,128426619.0059095,111350607.12488581,128403563.46842615
2149,128035427.82370694,110991789.52547912,128007965.49374127
2150,127643404.13711146,110635331.35102503,127611590.29587816
2151,127251038.77651986,110281731.88587458,127214859.01184162
2152,126858276.99289367,109930893.16828488,126817230.37984711
2153,126465612.38748331,109583252.9944076,126419675.58090682
2154,126072443.07379088,109238154.13703817,126021082.15798858
2155,125679813.09504971,108896585.76202649,125622997.93919294
2156,125286571.42662162,108557342.42854491,125224303.36243002
2157,124893764.3446678,108221416.45451601,124825451.20724015
2158,124501340.67068334,107888703.15674417,124427421.9535942
2159,124108698.02662136,107558547.10043634,124028698.86158733
2160,123716887.69702847,107231946.95450237,123630616.44127995
2161,123325308.14138164,106908248.99580039,123232755.02835543
2162,122934461.70707178,106587903.8127574,122835490.78317675
2163,122544299.60626024,106270811.27158286,122438828.90196542
2164,122154773.27063279,105956871.85910235,122042256.04184964
2165,121765834.36693715,105645986.68510678,121646550.8122766
2166,121377989.7319359,105338612.40286891,121251385.4888292
2167,120991193.08660322,105034652.90768299,120857053.07524814
2168,120605398.43560742,104734012.7195066,120463605.35996646
2169,120220560.08341403,104436596.98108573,120071412.98398153
2170,119837189.6209819,104142868.42558748,119680547.5691802
2171,119454686.05811378,103852177.48886597,119290559.25186092
2172,119074120.69331212,103565547.15828031,118902052.22723675
2173,118694893.7696578,103282329.60665967,118515273.08442092
2174,118317521.912153,103002993.60693978,118130177.59191607
2175,117941964.66831301,102727451.04934576,117746721.98159362
2176,117568182.0105746,102455614.41978337,117365223.54053323
2177,117196134.35552624,102187396.79454395,116985470.43004453
2178,116825782.58364126,101922711.83510764,116607916.98391107
2179,116457649.65839328,101662035.38203149,116232588.57310556
2180,116091698.995653,101405283.79893064,115859237.12635843
2181,115727331.90879834,101151811.39209525,115488141.52570778
2182,115365637.63467477,100902660.41099186,115119491.63244577
2183,115006019.12313798,100657186.81249212,114753551.9298709
2184,114649006.21107814,100415873.4098386,114390241.36860855
2185,114294002.02873357,100178076.25426342,114029547.8683561
2186,113941538.70499672,99944280.31606713,113671662.99602556
2187,113592151.101539,99714973.19508678,113316750.30763067
2188,113244678.0994381,99488946.3843321,112964727.01636057
2189,112900222.21094593,99267254.8595198,112615691.76618707
2190,112558756.26368436,99049823.7418772,112269660.06843093
2191,112219686.04911005,98836010.92613548,111926369.28510866
2192,111883552.71038869,98626309.44892101,111586352.55639607
2193,111550331.4389191,98420646.16684821,111249293.6262276
2194,111219428.90681826,98218379.17167687,110915161.60886343
2195,110891960.19430771,98020574.7015182,110584352.51421781
2196,110567904.62973028,97827162.96585083,110256597.1697797
2197,110246671.5356972,97637503.87787145,109932161.30780861
2198,109928240.51903181,97451527.33185712,109610946.64645799
2199,109613164.08979498,97269735.81082799,109292855.50449957
2200,109301425.33651486,97092062.05162282,108977942.4367356
2201,108993008.30023098,96918440.65106456,108666514.51010935
2202,108687897.87362805,96748811.689568,108358477.36533827
2203,108386079.93812709,96583117.15409008,108053737.24658889
2204,108088115.976979,96421874.30680427,107752316.89881276
2205,107793420.4643969,96264453.06965227,107454458.07115181
2206,107501982.46443744,96110797.61958233,107159815.49386406
2207,107214368.25092724,95961429.0056907,106869129.2181529
2208,106929993.99947657,95815717.83922173,106581921.73042254
2209,106649429.2395034,95674187.7442549,106298583.53414884
2210,106372669.02143806,95536787.52414836,106019028.04753183
2211,106099131.31225745,95402888.55677976,105743169.2641457
2212,105829390.58808172,95273018.38720572,105470921.74791525
2213,105563445.29650654,95147128.19029701,105202235.16429202
2214,105301295.0246856,95025169.93924451,104937552.20251672
2215,105042360.19558385,94906516.10223478,104676774.35653411
2216,104787802.76153365,94792280.33630617,104419287.94152677
2217,104537045.94621247,94681837.22938077,104166139.67081335
2218,104290093.8876582,94575141.9429685,103916721.49902064
2219,104046369.4502669,94471568.0233685,103671460.3800453
2220,103807043.30077082,94372236.4762512,103429727.17911589
2221,103571541.06335117,94276522.91966441,103191976.28087652
2222,103339871.34362191,94184385.60509418,102958687.10051908
2223,103112628.34392565,94096368.02892372,102728760.40132138
2224,102888654.36557354,94011261.42982948,102503077.69007145
2225,102669130.79190046,93930195.76590453,102281661.61849864
2226,102452899.94629164,93851961.5655897,102063938.333846
2227,102241147.41427921,93777692.24144948,101850258.93392688
2228,102033302.61715445,93706764.65418331,101640627.44744666
2229,101828793.88074501,93638554.17048144,101434498.1987926
2230,101628812.98430522,93574199.19964302,101232634.8780668
2231,101432790.75534892,93513076.77476804,101035176.83936171
2232,101240746.11896393,93455151.58705786,100841608.32923411
2233,101052109.17436731,93399799.04599088,100651737.46988246
2234,100868079.73970617,93348163.80639921,100465925.57522808
2235,100687499.45739385,93299031.85476945,100284247.97625612
2236,100511572.07091701,93253550.76575042,100106639.86851692
2237,100339138.89018625,93210505.14599852,99933040.7917452
2238,100170815.10902107,93170452.92902465,99763393.13419425
2239,100006033.00121339,93132768.54756843,99598025.22197792
2240,99846003.98776864,93098604.97619481,99436695.86237936
2241,99688974.53190684,93066149.60079977,99279151.39092718
2242,99536158.22867064,93036556.28198816,99125695.14274503
2243,99387583.58928563,93009793.1125925,98976143.89109914
2244,99242684.32646126,92985232.67565423,98830557.09095262
2245,99101488.94546738,92962841.60784087,98689120.8539209
2246,98964026.7322486,92942586.55970834,98551463.91777466
2247,98830327.74754615,92924434.16192716,98417591.80622952
2248,98700422.82221812,92908350.99281877,98287721.78694884
2249,98574343.55375664,92894303.54735585,98161806.25410445
2250,98452122.30398616,92882258.20776986,98039513.68851596
2251,98333792.33864778,92872193.90810423,97921052.77080317
2252,98218788.40136352,92863540.42605622,97806722.25553688
2253,98107144.39442603,92856338.54071943,97696163.52421477
2254,97999495.90277272,92851230.00383273,97589085.07273884
2255,97894677.07056263,92847054.3940039,97485585.69889057
2256,97793926.4763876,92845054.97089106,97386082.2713179
2257,97696680.20009176,92844671.72244269,97290180.11209509
2258,97602976.02033237,92845945.54445072,97198048.97874683
2259,97512248.92198788,92848313.73163153,97109620.75331108
2260,97425140.78301354,92852419.64993379,97024472.89281362
2261,97341691.76762518,92858304.11704053,96942988.33756146
2262,97261337.66056255,92865402.72588927,96864668.86039692
2263,97183512.91991079,92873148.88874851,96790139.50536594
2264,97109469.45312665,92882792.60654265,96718787.05489346
2265,97038643.89513189,92893767.74231671,96650431.19660419
2266,96971078.89646748,92906113.30685,96585786.63586232
2267,96906210.07550335,92919260.41041182,96524366.2226482
2268,96844080.14280374,92933246.38874239,96466018.98080258
2269,96785341.58365987,92948717.48923798,96410450.87508357
2270,96729430.91969915,92965103.13820098,96358399.15449415
2271,96676393.37559237,92982440.61511253,96309020.37828168
2272,96626275.0126126,93000767.19560179,96263130.94150017
2273,96579122.72554967,93020120.15952258,96219740.9668113
2274,96534372.61416781,93039925.17521736,96179281.35011008
2275,96492071.61045675,93060217.94109827,96141284.95596379
2276,96452880.15868281,93081646.88141817,96106687.08078632
2277,96415621.94392833,93103022.89177696,96073855.44205058
2278,96380958.46401212,93124993.92910083,96043884.04039021
2279,96348939.83027185,93147595.83141248,96016730.70923759
2280,96319616.91273053,93170864.48274389,95991779.49090286
2281,96292425.92718157,93194220.42054938,95969030.61767758
2282,96267417.58412762,93217698.00537209,95948421.30049534
2283,96244026.81530319,93240715.16830969,95929914.46325713
2284,96223538.10319841,93264538.76150984,95913477.24312046
2285,96204770.67807336,93287969.7759986,95899076.69698098
2286,96188394.34474753,93311659.18894112,95886679.7735033
2287,96173844.38198444,93335022.88297279,95876264.96344228
2288,96161173.63097918,93358093.75393234,95867315.29353887
2289,96150435.44723421,93380904.68110977,95859812.18993123
2290,96141683.66456768,93403488.50859262,95854319.23902981
2291,96134351.7569798,93425257.22328083,95849927.1410029
2292,96129114.1181977,93446863.24924879,95847510.07366563
2293,96125403.90196149,93467717.3013864,95846808.14446077
2294,96123274.84122758,93487850.2163781,95847754.86073512
2295,96122780.94766064,93507292.66228814,95849913.88833942
2296,96123352.95675038,93525451.59200183,95853664.40532966
2297,96125667.73756026,93542979.65945859,95859183.037583
2298,96129155.28418905,93559282.21570472,95866061.6990749
2299,96134493.8112089,93575012.40699409,95873743.76444134
2300,96140486.71363713,93588948.13547681,95882958.16825292
2301,96147811.78670283,93601752.73426922,95893677.99258894
2302,96156522.3505461,93613510.53825453,95905755.19398221
2303,96165417.06406523,93623062.46283588,95918827.48425409
2304,96176429.45379998,93632384.089595,95932725.071657
2305,96187728.99234706,93639686.7363627,95947866.14126176
2306,96199994.25871067,93645690.60757194,95964143.76289366
2307,96213276.30496472,93650488.14938408,95981357.80520394
2308,96226995.89683996,93653541.27732928,95999544.92908111
2309,96241201.93657573,93654939.78494757,96018741.79631966
2310,96256574.16243546,93655404.0279882,96038651.761818
2311,96272530.80019073,93654392.55964571,96059032.51268786
2312,96288487.53656901,93651361.08701392,96080233.0985692
2313,96305123.05092867,93647027.98521566,96101979.6615657
2314,96322484.48853336,93641479.75278676,96123984.16202901
2315,96339984.70858623,93634168.2416857,96146600.12578364
2316,96357668.37188666,93625176.72701024,96169862.81886905
2317,96375579.69718347,93614587.64571562,96193542.39167541
2318,96393762.45128866,93602482.56962205,96217323.45655893
2319,96411623.87703866,93588306.11702177,96240994.28945914
2320,96429841.78500187,93572773.02900441,96264688.72867537
2321,96447821.38852493,93555324.99031146,96288750.9012945
2322,96465602.9483528,93536038.26116545,96312648.03115141
2323,96483864.51835448,93515626.4118082,96336608.90311702
2324,96501369.45750672,93492887.8250948,96360254.54385267
2325,96518794.34900033,93468533.60818936,96383617.29953538
2326,96535537.70476468,93441996.29182655,96406729.4951238
2327,96552276.31349537,93413986.17537743,96429457.08192211
2328,96568406.71200284,93383932.79767455,96451533.9201943
2329,96584605.93557517,93352545.68940869,96473309.40410928
2330,96599626.47769628,93318609.33753856,96494339.83843644
2331,96614144.01591182,93282830.91858463,96514655.51474336
2332,96628192.83365415,93245275.7306782,96534170.28347188
2333,96641806.84396242,93206008.23033682,96552512.90722337
2334,96654375.28498384,93164447.74386641,96570133.28819723
2335,96665929.7127794,93120655.47890393,96586618.31737141
2336,96676501.35102126,93074691.89565443,96602382.83400904
2337,96686767.07803525,93027262.71822013,96616422.97473353
2338,96695466.09063089,92977135.62538484,96629339.72250566
2339,96703274.10590594,92925014.48193704,96641125.92028032
2340,96710221.12772454,92870957.13710786,96650817.71780138
2341,96715688.68840355,92814372.70051071,96660207.90766399
2342,96720353.30961387,92755965.03942354,96667596.57178709
2343,96723594.86135006,92695141.17608054,96673687.42111704
2344,96725440.57236531,92631955.33816566,96678562.25324665
2345,96725917.39499395,92566461.36520916,96681681.08535378
2346,96725702.96079321,92499363.70708287,96683144.94438207
2347,96723522.29396476,92429414.18130562,96683656.55727799
2348,96720051.8921903,92357316.09853154,96682715.38759966
2349,96714664.91991007,92282469.50098185,96679786.29424398
2350,96708038.36139719,92205578.36089447,96675502.58704275
2351,96700197.32559201,92126695.25089562,96669996.23460318
2352,96690512.1663043,92045219.47201622,96662785.64920935
2353,96679005.45886011,91961203.1178398,96653885.24981573
2354,96665699.3795716,91874698.17773956,96643376.20645934
2355,96651271.64183588,91786412.5152324,96631338.85606469
2356,96634432.17689012,91695086.5895316,96617326.25734809
2357,96616514.2810881,91602084.64190163,96601822.71038368
2358,96596224.65807265,91506144.77494003,96584519.0068964
2359,96574897.76776715,91408633.33647396,96565360.23525368
2360,96551236.94807446,91308286.07374024,96544907.27151412
2361,96525918.37366356,91205812.12202708,96522432.94655609
2362,96498300.05766226,91100603.03341524,96498151.44516826
2363,96469057.92865656,90993368.87785831,96471849.84122922
2364,96437547.44113475,90883499.87460436,96443860.90193759
2365,96404444.11942725,90771706.95389748,96414011.1137177
2366,96369762.800679,90658041.01441061,96382590.11318433
2367,96332192.13602114,90541227.43551691,96349047.726365
2368,96293068.2867695,90422639.78119627,96313403.65450184
2369,96252403.38775612,90302328.26767974,96275958.17136884
2370,96208879.91019316,90179014.12725705,96236774.98629871
2371,96163834.4408979,90054073.38512984,96195541.33622263
2372,96116610.6079119,89926889.77942735,96152049.95762034
2373,96067880.76381584,89798176.43579537,96106360.62977389
2374,96016318.63072735,89666648.50068593,96058877.48188592
2375,95963260.89033565,89533684.71686524,96009290.91095136
2376,95908044.41669329,89398664.63905126,95957360.11839782
2377,95850002.64428037,89260964.98241074,95903463.8220784
2378,95790472.04953906,89121966.08235058,95847354.67531861
2379,95728784.1859874,88981043.90597042,95789037.66260111
2380,95665607.03386644,88838911.37640741,95728639.0909855
2381,95599598.00274286,88694271.34878801,95665847.6707419
2382,95531421.9961,88547834.64712793,95600716.57209331
2383,95461073.25712436,88399641.8817061,95533550.83896846
2384,95388544.766852,88249732.81840563,95464318.4712709
2385,95314501.02616794,88098819.1318502,95392484.50738148
2386,95237587.51927535,87945593.84029059,95318299.33488254
2387,95158465.69741347,87790766.26135992,95241593.17927498
2388,95077798.0481656,87635047.05437616,95162859.02803816
2389,94994898.04652454,87477798.14569122,95081959.31960419
2390,94909075.73013261,87318378.27982762,94998481.77784638
2391,94821666.22093736,87158171.51895742,94912477.60460947
2392,94732654.57887004,86997212.07662909,94824155.88475019
2393,94640670.18082272,86834178.67930184,94733770.99949911
2394,94547048.27554388,86670456.10657105,94640630.65053715
2395,94451092.33507524,86505397.53094856,94545572.39181681
2396,94353460.58259958,86339711.03728707,94447816.90301917
2397,94253453.44800195,86172747.07334216,94348288.66217838
2398,94151048.33395472,86004533.21444649,94246026.69721742
2399,94046902.4950252,85835777.04492842,94141561.34031819
2400,93940312.12721424,85665825.25378634,94034439.91714357
2401,93831252.17441578,85494694.14541203,93925236.38987173
2402,93721061.42395942,85323726.76978098,93813453.99107757
2403,93607667.64446811,85150845.8868918,93699751.2050194
2404,93493092.3974642,84978068.09024014,93584117.95305535
2405,93375942.97423615,84803995.76911056,93465377.68428732
2406,93256875.62287398,84629280.36476222,93344864.33197683
2407,93135863.15008934,84453890.00498645,93222622.483827
2408,93012192.11952376,84277106.7385678,93097344.16057868
2409,92887205.57551731,84100269.29841554,92970434.81126533
2410,92759502.95914687,83921973.0599391,92841295.37152722
2411,92630428.92879227,83743558.90665819,92710600.79020913
2412,92498580.05147387,83563619.9689983,92577159.7117805
2413,92365302.73530266,83383499.60629153,92442188.32721025
2414,92229880.02765562,83202478.25625212,92305213.92223164
2415,92092282.29992667,83020524.17241257,92165623.79471296
2416,91953170.12200399,82838296.35228823,92024572.27048218
2417,91811824.292241,82655074.62164074,91881681.537393
2418,91668906.21507157,82471520.06658068,91737473.55384433
2419,91523695.26033168,82286912.447154,91590974.79766907
2420,91377546.36935328,82102607.85705493,91442549.76198982
2421,91229045.98540634,81917194.70661685,91292360.97174576
2422,91078857.26704212,81731338.98721111,91140447.69939612
2423,90927645.52500337,81545709.7573025,90987364.99966747
2424,90773993.34929228,81358894.31634504,90832295.55826725
2425,90619260.69845164,81172258.3381776,90675436.60151988
2426,90462723.63503289,80985084.64751466,90517486.64871842
2427,90304352.40765518,80797351.33957742,90358196.86457016
2428,90144814.29689005,80609734.65976343,90196937.5679437
2429,89984080.81278537,80422216.23085858,90034435.2163415
2430,89821424.79704049,80234080.18052304,89871168.45566446
2431,89657514.44162089,80046007.18058912,89706306.86960177
2432,89492320.3585613,79857981.53270647,89540231.95252241
2433,89325812.79771349,79669988.39691244,89373076.71512187
2434,89158662.31303258,79482714.46358137,89205002.48031434
2435,88989437.50453149,79294745.69578333,89035928.69335246
2436,88819509.30757385,79107471.61366503,88865593.01054364
2437,88648145.48320238,78920179.77453433,88694389.51510963
2438,88476016.96349086,78733562.10266463,88522301.84603636
2439,88302389.25888295,78546906.27585377,88349027.04109164
2440,88127933.29116574,78360906.53250079,88175232.2357994
2441,87952616.92711045,78175555.17439026,88000615.47008806
2442,87776407.3780722,77990844.93067767,87825009.51322867
2443,87598565.28386198,77806063.0016288,87648888.9730795
2444,87420467.67261836,77622613.97412375,87471751.37534337
2445,87242081.37896286,77440493.19152616,87293957.71933565
2446,87061957.24836135,77258280.90619612,87115207.05251771
2447,86882181.76046601,77078093.84780665,86935568.00380172
2448,86701303.66564654,76898511.80209154,86755368.50277025
2449,86519285.03800943,76719528.6037656,86574171.8531012
2450,86337507.06299475,76542557.86217605,86392396.06589821
2451,86154512.70013727,76366165.95627451,86209514.23209585
2452,85971683.84834296,76191720.25958379,86026238.5062674
2453,85787559.56640509,76017735.9998545,85842053.06819765
2454,85603522.58727153,75845572.29763834,85657108.0953385
2455,85418821.06231506,75674453.84675346,85471711.96203782
2456,85234126.98875052,75505029.2791304,85285474.13850954
2457,85049400.04252854,75337234.93688704,85098749.53233853
2458,84863884.7115188,75170291.94695577,84911239.78311574
2459,84677537.75926596,75004133.62904088,84723777.17115644
2460,84491746.92308067,74840124.1411441,84535315.97442569
2461,84305755.14085737,74677482.65750475,84346511.62688999
2462,84118802.60882987,74515425.38158913,84157746.73319055
2463,83932996.80803397,74356035.53229453,83967954.23716109
2464,83746143.45933157,74197094.26358075,83778269.55364814
2465,83559634.3505276,74039968.46138206,83588045.36370839
2466,83372708.04057597,73883871.42307405,83397306.99426037
2467,83186040.30649696,73729453.28535314,83206684.19411746
2468,82999588.82133041,73576645.68903969,83016134.78451611
2469,82813311.30078088,73425379.91859894,82824980.24349111
2470,82626443.99898419,73274865.3968947,82633888.61099401
2471,82440387.50142579,73126475.48324105,82442850.48412804
2472,82254379.09259842,72979419.8523185,82251845.59388004
2473,82068377.38023989,72833629.13572142,82061549.7564519
2474,81882341.3739122,72689034.02376926,81870602.4947425
2475,81696955.05419278,72546289.86366917,81680284.38131882
2476,81511455.11110231,72404604.4324193,81489993.47618838
2477,81326527.83876742,72264634.87116206,81300321.385684
2478,81142136.283381,72126314.87771368,81110679.34128907
2479,80958244.21670963,71989578.72913171,80921615.20461808
2480,80774088.76165594,71853633.96039863,80733200.1545696
2481,80591089.5749811,71719870.603852,80545426.98716752
2482,80408486.07627966,71587498.47794156,80357696.8934551
2483,80226245.44881473,71456455.25037318,80171050.0197793
2484,80044335.83337316,71326679.69622177,79985731.81992733
2485,79863456.72517754,71198842.1604442,79800620.24154675
2486,79683580.03347813,71072885.68379018,79617054.1174559
2487,79503947.16441137,70948023.15205383,79434437.35456909
2488,79325262.48244062,70824930.82332876,79252420.77114624
2489,79146768.3312964,70702823.41352253,79072026.87898839
2490,78969172.37842856,70582381.50348407,78892629.56329127
2491,78793185.70912543,70464289.69324309,78714756.8516592
2492,78617319.36630724,70347033.1987257,78537826.68342154
2493,78442285.94272996,70231299.49705462,78362253.7290111
2494,78268433.57864642,70117412.37287615,78188002.26511614
2495,78095449.96314974,70005035.96336216,78015202.13758719
2496,77923538.60049954,69894351.06264289,77844056.49176721
2497,77752609.6632228,69785246.00695798,77674077.86042745
2498,77582795.39027448,69677832.0983478,77504911.73889643
2499,77414007.76049946,69572001.29671265,77337295.88092035
2500,77246381.08405724,69467868.82253945,77171402.53433685
2501,77079902.88430859,69365403.25236265,77006462.23905732
2502,76914635.20362131,69264645.44499028,76843173.64178343
2503,76750566.81407732,69165563.10155937,76681450.60027833
2504,76587761.23506619,69068199.55165252,76520831.9622179
2505,76426282.75448126,68972599.74595465,76361663.48041113
2506,76266047.81805536,68878661.60887045,76203814.24652277
2507,76107270.38851348,68786581.35286832,76047613.92722747
2508,75949867.91651116,68696259.39667983,75892995.14960195
2509,75793832.36565414,68607671.32988031,75739602.70734964
2510,75639304.96537234,68520942.59792444,75587486.08335604
2511,75486278.45970039,68436050.67605798,75437204.28975612
2512,75334820.35717173,68353048.23774725,75288232.10933399
2513,75184774.41314791,68271764.54944976,75140501.34313133
2514,75036357.69875263,68192402.4464548,74994173.53276129
2515,74889563.56304829,68114941.19705139,74849457.9173068
2516,74744310.44322181,68039285.21046275,74705987.57423875
2517,74600666.32190715,67965488.38839497,74564214.818552
2518,74458624.3281779,67893529.61749907,74424074.59308547
2519,74318252.51438212,67823462.43572098,74285331.10496859
2520,74179543.9215909,67755264.98614657,74147683.45527719
2521,74042491.43871634,67688914.76425828,74012056.25047918
2522,73907163.02521762,67624463.72940278,73877808.2270971
2523,73773476.15064058,67561812.63460751,73744878.27416193
2524,73641498.59231251,67501011.71696527,73613318.88732465
2525,73511298.23422961,67442110.39252137,73483689.12787895
2526,73382792.15628648,67385006.24569657,73355844.28028715
2527,73255972.64132366,67329670.94159341,73229164.18177342
2528,73130983.0925985,67276226.05463319,73104183.97541049
2529,73007664.79938263,67224489.7520417,72980237.80538443
2530,72886085.72176631,67174505.50403556,72857995.2313513
2531,72766238.3785378,67126239.90530573,72738041.47529864
2532,72648115.42845653,67079658.19878956,72618939.10231741
2533,72531709.73052049,67034724.28794799,72501361.5143498
2534,72417090.35313815,66991476.70800466,72385648.49585584
2535,72304098.92388174,66949724.94830239,72271458.85730024
2536,72192805.1891034,66909504.9954575,72158958.57452613
2537,72083279.61407298,66870851.92829077,72048040.42291492
2538,71975364.90613945,66833571.447267845,71938808.2529418
2539,71869132.65995568,66797696.53763435,71831164.91305993
2540,71764579.1184025,66763183.25993176,71725210.81671911
2541,71661701.31645776,66729986.935096584,71620925.92730439
2542,71560420.73536171,66697985.8513555,71518343.894532
2543,71460889.01973478,66667287.04533569,71417440.76354297
2544,71362953.14025152,66637691.539661705,71318249.84455502
2545,71266613.89623876,66609152.930977635,71220815.11907034
2546,71171949.92277367,66581701.492445804,71125059.08800018
2547,71078887.88215713,66555214.4699823,71031123.42619547
2548,70987355.49684215,66529569.22860198,70938965.88672179
2549,70897435.30014244,66504797.12440756,70848547.09038804
2550,70809057.66606307,66480776.66269178,70759957.30845968
